front_left_steering,front_right_steering
0.0880385064527589,0.08293305733961809
0.06975837889773295,0.06650876003935746
0.08320022873229949,0.07862395803333566
-0.005059181533736634,-0.0050452343719031845
-0.005059184904535385,-0.0050452572761727765
0.044514061536399474,0.04316574819618779
0.044514062338249616,0.04316570405107889
0.05932037134864654,0.05695377024844994
0.06268215881279282,0.06004639733203909
0.05182136808948368,0.050004633847751556
0.046241772456557584,0.04478872130934697
0.05385449679637411,0.05189539447124769
0.053474793318788905,0.05154225087616293
0.049336698093770615,0.0476878383326369
0.07266657418950029,0.06915115370362024
0.08816697567096021,0.08305164977424973
0.06629629225441569,0.06335768154972676
0.07955903681386545,0.07536708699417272
-0.0036319921930658694,-0.003624363758097715
0.052209974631061584,0.05036873369261485
0.08295881035283248,0.07841246749079822
0.049704338476320054,0.04803297968029785
0.055253932764559366,0.05319625880348777
0.10005317175820672,0.09352066184633667
0.053443630813007736,0.05151693098635235
0.0642539084778253,0.06149009291079288
0.08953546430521797,0.08426548148965729
0.09074657589913038,0.08533764886562256
0.059483328625209886,0.057106201313143146
0.09734604426750337,0.09115094538643387
0.06338470053053324,0.06069305411771886
0.06627642510855036,0.0633397317753932
0.10161671336180422,0.09488647420083662
0.10352671975609518,0.09655050254260011
0.07136833410439358,0.06797533687238833
0.10484520665818309,0.09769672217543146
0.004502269613082532,0.0044871119385963
0.05646504680789377,0.05431914746640665
0.07938835571948832,0.07521558799555894
0.07226067015120563,0.06878580771737841
0.057697791454770275,0.05545899086975492
0.07806474876463465,0.07402596989704069
0.05737606877974866,0.055161538929309195
0.07929160771154109,0.07512842999291447
0.05876589380973307,0.05644500926189622
0.08249923577516416,0.0780026306813264
0.06111565905598759,0.05860961871065573
0.062461399253488814,0.05984629243509154
0.08925139303834051,0.08401379325684832
0.05992374733481842,0.05751222730379624
0.09144670638048691,0.0859567648428543
0.06264442388411062,0.060014036437022966
0.09535444651196734,0.0894017911687639
0.06578113075344572,0.06288719633670325
0.09323195431982079,0.08753254827278756
0.06899467994541464,0.06581836683327591
0.0995188172823811,0.09305383346010565
0.07161367962338439,0.06819798081944839
0.10221164072906763,0.09540500638222671
0.06807129291655745,0.06497701372735953
0.11043429691860673,0.1025348407007991
0.07789085799515583,0.07386808116969323
0.11343523894903829,0.1051182615035069
0.07453357258911986,0.07084090070793092
0.03123499177511313,0.030563911676345867
0.05842398194206755,0.0561278850746989
0.07978941058481759,0.0755736024002287
0.05972328764142443,0.05732614542666781
0.08160811870577867,0.07720362462856567
0.06027403176878554,0.057833360346962515
0.08626070217689819,0.08135610724655873
0.059470629980829415,0.057093028436607796
0.08895541586546507,0.08374962746238257
0.062130309094952985,0.059540333236183685
0.0920126229414624,0.08645501281162993
0.06138733879344205,0.05885739226342679
0.0925972010045566,0.08697099162176425
0.0646621624760737,0.06186183289175684
0.0939454759061853,0.08815972698004515
0.06871244150537947,0.06555969062706701
0.09935235097995498,0.09290648687383118
0.06818916311331158,0.06508287951018765
0.10406731057819485,0.0970189221355886
0.09716654455032003,0.09099117166056292
0.0693684897187028,0.06615636391369328
0.07837155548854469,0.07429869357760666
0.11415977608843786,0.10573886925378595
0.11185048211303084,0.1037532475044518
0.07541341325666462,0.07163361700764437
0.08512755493018087,0.0803454887577022
0.12651122552357386,0.116260195027861
0.003993324624762984,0.003980513829763055
0.08627543147318928,0.08137106974071351
0.07898281974525379,0.07485092242613867
0.060755384765608156,0.05827811549328299
0.06864694337012978,0.06550231560631481
0.09039060084919903,0.08502276837883471
0.0646485649462134,0.06185136506769062
0.09107447933033974,0.08562763831262199
0.06227832974058156,0.05967785873456233
0.09093616159902762,0.08550517536848012
0.09016720712444126,0.0848246439214222
0.06564531570423782,0.06276290639510851
0.10409109976737074,0.0970413513866033
0.07133863179685562,0.0679482852160751
0.07676694384986504,0.07285638640805203
0.10679176738638319,0.09938551452664868
0.07567535667548775,0.07187201507511354
0.11058517829519676,0.10266472645441116
0.07883543667229898,0.07471706946054901
0.11506917873980083,0.1065206156721441
0.08297244040786644,0.07842372199770598
0.11748677393359408,0.10859017183525044
0.12051130631735596,0.11117080731504547
0.0003549968780296453,0.0003535964098064781
0.06508690146450746,0.062253046420948976
0.09065395366390927,0.08525617518032469
0.08606454708454958,0.08118339712861733
0.06356845235455921,0.060862080516482564
0.07009910948139186,0.0668235377674602
0.09235218101793397,0.08675676567421853
0.09025372112459973,0.08490157491443107
0.12342186224270524,0.11364539237836091
0.0646296661609885,0.0618363371936228
0.07366018359038837,0.07005384212627863
0.1812210170876812,0.16099631078735843
0.06598942210334244,0.06308033412885816
0.15836723811121697,0.14266952437604896
0.08981029699912199,0.08451170917605211
0.0636686276188215,0.06095553716431734
0.07920860322520692,0.07505723850143031
0.05869498845734786,0.05638217789012323
0.14340471447248934,0.1303973753615182
0.06334957770624414,0.060664094478839914
0.02693280994632241,0.026433769893513315
0.0563101084896398,0.054175426409400984
0.0730332984255635,0.06948872206592593
0.0836835087534511,0.07906360859292771
0.04947587568542522,0.04782158713104234
0.0308062699303151,0.030158177510238637
0.08657688845480083,0.08164224609071713
0.0971679752621939,0.09099764046610215
0.06753833387448216,0.0644956508321517
0.025859084445319258,0.025400992451008797
0.054532098473739854,0.05253092937044368
0.0675195031683482,0.06447832249129082
0.07841150433127764,0.0743404749218044
0.0067614362488312985,0.006730881172302361
0.005852493793350622,0.005829656486855406
0.045276524590278644,0.04388743540780293
0.04782993880087405,0.04628232120847642
0.05704370073958165,0.05485620199720387
0.04114202006587009,0.03999168030492761
-0.010078618508674975,-0.010007311689247622
-0.019749382727433318,-0.019479108380093813
0.03475409182337996,0.03393018115006363
-0.009388184073889416,-0.009325422435358277
-0.007516161285636702,-0.007474814479498271
-0.01737014194960329,-0.017159001652151673
0.039370123983697436,0.038318391244193784
-0.015383989472951054,-0.015216013014198282
-0.03120563086149941,-0.030533731260832475
-0.002241088437513472,-0.0022337875302005372
-0.023151187150834307,-0.02277779416834047
-0.031480367402991316,-0.030796516816152142
0.027367239096136142,0.026858014067508762
0.03082370085435171,0.030178666728264858
0.020014818770910825,0.019744163607569476
0.02626061234649546,0.025790750171638344
-0.026288428032491762,-0.025808780583028934
0.03329388786855647,0.03254055226868502
-0.021850121650364596,-0.021516546019505256
-0.03413618758317716,-0.033334458604496575
0.0023840400848338383,0.002384796994839178
0.02164792978226293,0.021329904803232047
-0.029029036979070444,-0.028445253297002537
0.0029038097462472656,0.0029017336736805177
-0.016203513030089045,-0.016017634088915322
-0.030366255686562926,-0.029729213416997524
0.023277773844799565,0.022909045204035472
-0.015069338305774505,-0.014907442800708104
-0.03321137411551289,-0.0324512948983573
0.027606307288225995,0.027087283575985666
-0.018486974248165478,-0.01824643258162517
-0.03690696317919295,-0.03597220126486178
0.03622419066718807,0.0353341306167021
0.02390242876671289,0.023515165538831262
-0.013258351022978676,-0.013132718557192113
-0.024384808279176884,-0.02397143718812167
-0.03192972852828868,-0.031226322414506846
0.03140830589291399,0.03073744824696334
0.03065634878780754,0.030017321452520562
-0.037574688713948756,-0.036606075121715875
-0.016284059287228647,-0.01609464505765068
-0.023734660812844144,-0.02334022771055544
-0.04025463417150066,-0.03914538606244289
-0.0189957896918993,-0.018741441454371177
0.03311831633923967,0.03237365831250383
0.04053361924329346,0.03941947219182573
-0.021566632677501918,-0.021241921274963715
0.035614570261454315,0.03475402610239531
0.028119448104252154,0.0275807893936193
0.032952685998778986,0.0322148477392199
0.1634560526315041,0.14679610121576037
0.0315372222745105,0.03085823406576349
-0.03491094205146128,-0.03407554638801891
-0.019888451674340057,-0.019611461282930343
-0.02954244845580023,-0.028941823739883077
0.0425990607162281,0.0413695526646185
0.015372074954763892,0.015212146543309046
-0.03664726577013022,-0.0357260949443825
-0.011855509082935978,-0.011752242424707404
0.013844204780225855,0.01371801807330364
-0.04477181699139754,-0.04340840618186981
0.02115585287968047,0.020851247249082938
0.024955518466580617,0.02453260899537746
0.03293533835811546,0.03219760346230327
0.019916049832545912,0.01964534063122514
0.025859986619245934,0.02540477780629935
-0.08032838239823148,-0.07605662113699019
0.0256706354953411,0.02522058754326828
-0.009158897842060032,-0.009097578642394133
0.020598732035866707,0.020308999622596247
-0.02205160332832312,-0.021713264460976767
0.022122212051366663,0.021788111377985864
-0.024005385406193458,-0.02360536229278054
0.02280210046727449,0.022447324973329685
-0.02652083190971455,-0.026033930450216403
0.020352305574377727,0.020070110534879504
-0.02858955708484645,-0.028024847990046453
0.024464936472058607,0.024057037468502074
0.01426682809122548,0.014129668423211506
-0.034632064480129454,-0.03380832738330497
-0.025715199989661652,-0.025256058332351117
0.026615182804175408,0.026133077229696156
-0.03323551156372462,-0.032475229607869416
0.027202294996473864,0.02669903212354363
-0.033968587255886806,-0.03317468785117672
0.02474679611305186,0.024330737433056804
0.022521445767296644,0.02217761243590921
0.02493352377568714,0.024510704456493393
-0.03424345637833204,-0.03343588682517762
-0.04535480504144962,-0.043954720501634625
-0.028365298688030283,-0.02781074891746993
-0.09944962992929485,-0.09298418485565829
-0.023861873133360856,-0.02346383357264248
0.03542924116696744,0.034578878641422506
-0.016000190838987738,-0.015816997735498717
0.029109363958547352,0.028535201939713595
0.03384410715574626,0.03306638568471332
-0.018298673183927416,-0.018062129136815486
0.020270079259831153,0.019992572224301952
0.023314305249237055,0.022943876072794467
0.030306113594084305,0.029680996354159994
0.03052408145008867,0.029890788620619446
-0.033628676813426406,-0.03284845391750224
-0.022013922717003087,-0.0216742824968561
0.020741526162143753,0.02045134495072265
0.02734574892459074,0.026837712764200106
-0.026166723193622676,-0.025689990704707455
-0.03992217022639233,-0.03883053729173458
0.030528839455004952,0.029894550714371526
-0.015011134441099028,-0.014850382942308116
0.03714486179360099,0.03620913441605911
-0.01918711160989295,-0.018928996534526732
-0.026522428283886956,-0.02603448712006262
-0.037968995361185254,-0.036980832227145655
0.025451068033104374,0.025011404389936764
0.03238622546736769,0.03167330401885593
-0.014907771447755014,-0.014750774148653
-0.03353863027795656,-0.0327656629634232
-0.03874069045787332,-0.037711365030890676
-0.021966373329382005,-0.021629457380978323
0.030289272616339513,0.02966588172527196
0.044155211660600546,0.042836658709964226
0.029959594829588543,0.029349354579567333
-0.02968687353524979,-0.029076898536372298
-0.01471395667973896,-0.01455948686270414
0.029536010050794648,0.028942972887620932
-0.026018254301415578,-0.025547721491372855
0.029702114781782196,0.029102639923881846
-0.02864372647513891,-0.028075309875482013
-0.02864372788275782,-0.028075026090721877
-0.030238822075433713,-0.029606062949198098
0.035656441541542794,0.0347940410506169
-0.03433272716081559,-0.03352012910395885
-0.03599170832608811,-0.03509995656267595
0.019528178286633224,0.01926926542962626
0.030643506791715236,0.030005187110588416
0.03998327137064761,0.038900089471436416
0.03135982089859768,0.03069163638428396
0.033081320391932234,0.03233880270289813
-0.015843380543833607,-0.015663801469531613
0.03265888833440789,0.03193612690956815
-0.03965198880918441,-0.03857632023784063
-0.018682521143689623,-0.01843687759606727
0.031289439545532094,0.03062442283214928
-0.005483081394472844,-0.005459903877936156
-0.023196393275966454,-0.022822997585270066
0.02092991621542728,0.020631284899053526
0.02734218374522035,0.02683258282021672
-0.02686979936908296,-0.02636929437349078
-0.03035211813384242,-0.029715010059189417
0.017344261086543522,0.0171412776263562
0.03167133868912364,0.030990607881976828
-0.037856097467522165,-0.03687409108703665
0.03142459920606422,0.03075391110030523
0.015327693728873992,0.015171051150758785
0.022364935008751363,0.02202492223496222
-0.023274178860878347,-0.022895683348687967
-0.03586559234180742,-0.03498107602536482
-0.019265350503124612,-0.019003698654237233
0.02624959303571872,0.025782111594169876
-0.036862398907911764,-0.035928591950335154
0.02521980338388774,0.024787027065855227
-0.027716963427368402,-0.027184293130031456
-0.04981820809130477,-0.0481340385149176
-0.02345116210731435,-0.023067753443990036
0.028619017052326168,0.028063146950333184
0.024055160496168515,0.023658884611070796
-0.025370290231038428,-0.024924692422981565
0.026849296045579063,0.02635707516636998
-0.03392393670174565,-0.03313391928468956
-0.019513530293587156,-0.019246405395406896
0.022568464829267665,0.022221758520601043
-0.0211766014726833,-0.020863008186646326
0.019684254108361277,0.01942107086778666
-0.021138077708323433,-0.0208254941968109
0.026310290755566346,0.025839042456891725
-0.027069166981137815,-0.026561280338982307
0.024271758664303977,0.023870984658476146
-0.026500649198837767,-0.026013295782799872
0.0210521079066166,0.020751265985997414
-0.02825610784033339,-0.027703143429180344
0.024828093834781573,0.024409143353810947
-0.03198883360571125,-0.03128306321531138
0.023728271919281507,0.023346085620796764
-0.030569774411746575,-0.029923830259500406
0.02759672259243251,0.02707960077564131
-0.0377616571566457,-0.036783461250758265
0.02677369874169022,0.026287497914625035
-0.04390537444397635,-0.042590175555486276
0.028397686128836863,0.027849779776174977
-0.04116393855422684,-0.04000564949550611
0.030563449312768665,0.029929463229002806
-0.03959114144638454,-0.03851755000906998
0.02657536629887991,0.026096673459184316
-0.049720040988909364,-0.04804167576749041
0.034051854029082396,0.033263788953323825
-0.01137652995793248,-0.01128232144595298
0.02509274180766896,0.024664095447552548
-0.02598455254648302,-0.025515874954356477
0.02514505888820784,0.02471484396400392
-0.02143695511465582,-0.021115375275628345
0.022724012487473022,0.02237302370314076
-0.02650593249834854,-0.02601827350519148
0.022633992660988422,0.022286002510464087
-0.026723157621617144,-0.026227427938519732
-0.03230833071212791,-0.03158822166006203
0.02588912646592112,0.025434244592028143
-0.03663872721213712,-0.0357167449165301
0.026616841915970024,0.02613629499642922
-0.038464945543315476,-0.03745030678049588
0.030241752399832844,0.0296215899587704
-0.035559454448852446,-0.03468929074863336
0.02935548032495694,0.0287714742971259
-0.03933917162225553,-0.03827811767149747
-0.04782620241582913,-0.04627081424760515
0.030698496763304828,0.030057551094500035
-0.05032362747974206,-0.048607070226664106
0.030898385641993098,0.030248928431474198
-0.008743303024957516,-0.008685673627688573
0.021801263437641882,0.021478126513259532
0.0265065002204099,0.026028906950974928
-0.05028877830979939,-0.048576657117775035
0.02509365873172953,0.024660024442313855
-0.06544243829724394,-0.06257676641391807
-0.03889262383777059,-0.03785843512929166
-0.022736654421658398,-0.022376790873098074
-0.030703048937146815,-0.030052506734982387
0.030027978387256016,0.029416316331499104
0.023007602971428898,0.022648234567565595
-0.030616201952856525,-0.029967698139933496
-0.04349895288726657,-0.04220866694531544
-0.023717073693069968,-0.0233256717095367
0.026112344434474966,0.025648963657536328
-0.04494274855583591,-0.043566865316789105
0.022739680242746085,0.022389025318736877
0.037089426021249206,0.036156403941395965
0.02123378804654663,0.02092693281295599
0.03156466277885961,0.030887365544754353
-0.039479657156861525,-0.03841221222634328
0.023978009498136887,0.023587662822137645
0.026391607547147866,0.02591927658844373
-0.04014068163000861,-0.039038951631466645
0.026877200428306547,0.026386037571301202
0.037966046586343505,0.03698996562119916
0.02122703730351716,0.020920921340315424
-0.021766134748251287,-0.02143438803385944
0.02956616293354919,0.02897284940714684
-0.023723732859316837,-0.02333134090666622
0.033985436345083,0.03320176807532427
0.02423422473095893,0.023834861998645707
-0.024370067698344156,-0.023955902070095014
-0.03380968000772022,-0.033021568360416254
0.04476717688193588,0.04341115674686513
0.028414657812582678,0.027864444263350663
-0.02096356356535367,-0.020655118832996422
0.023560528757204824,0.02318236590731093
-0.021231246910203727,-0.02091544699047798
0.0327897330867567,0.032060307071335004
-0.02109218055072326,-0.020779486770408973
-0.03091740290052425,-0.03025994201188187
-0.01905339396658612,-0.01879922599435968
-0.025007652997994012,-0.024573447931999226
0.031407165328382614,0.030737498799754626
-0.016570515732884705,-0.016376372829407515
-0.02460299009728939,-0.024181647896310388
-0.03688709360351361,-0.03595264960204947
-0.02290024499182597,-0.022533736769983825
-0.026313843241326684,-0.025831752126355134
-0.04567951563452788,-0.04426002275576568
0.02398018614420916,0.023588502217532614
0.028732604746051105,0.028171768752664583
-0.017427349944806214,-0.017212275131497812
0.02693452045234579,0.026442297333542975
0.037654597671892165,0.03669390147143137
0.025950273835019355,0.025492580688283972
0.03185999187034205,0.03117090558462543
0.03591667890037431,0.03504260474927712
0.02750975882956641,0.026997522556261977
-0.030593168037532092,-0.029943002667991436
0.03497992096380542,0.03414866344001144
-0.024140101611793807,-0.023734006729110746
-0.036683849782005784,-0.03575952194958454
0.030509142303346226,0.029875150333762868
0.021447083835611447,0.021134464193169222
-0.035190709464447356,-0.03433889338157936
-0.02594126347520931,-0.025473886186111905
-0.037909279667417306,-0.03692274759652481
-0.04778627599813767,-0.04623596099786553
-0.023023182273281262,-0.022652854978622017
0.013979096744954123,0.013850171100201258
-0.01433878379727116,-0.014192651611709017
0.0221122867371476,0.021779750723997182
0.025324309120330457,0.024889301454708246
-0.02281109539340609,-0.022447560756878815
-0.0303733216335359,-0.02973504952880468
-0.035682627067690764,-0.03480676880388778
-0.024499561329947572,-0.024081645949480368
-0.029787872577464403,-0.029173506658380255
-0.03616299824455471,-0.035263701568469585
-0.02012429836575713,-0.01984115421665056
0.024641455375969623,0.024228677620261152
0.003609270157914568,0.0036063423905314806
-0.021236976386830198,-0.020919128898723827
0.028653428609996534,0.028094815217302838
-0.015047016719222595,-0.014885279394974305
-0.028189443521571822,-0.0276422291970313
0.031550122973081574,0.030871796537715213
0.06566319575669588,0.06278366190577689
0.07874920218369386,0.07464624124966601
0.0317071580548588,0.03102332565288979
-0.05430522461859277,-0.052316326679923864
-0.11526958575015944,-0.10669531720188946
-0.037918951359813824,-0.036935323743770676
0.022602049546435077,0.02225311037894734
0.016063611287541968,0.015886865970755115
0.10059224279571988,0.09399691678017369
-0.021776833373995053,-0.021446683272140776
0.005231831918654728,0.005215639621966195
-0.04039373900182175,-0.039278189791824014
-0.020871417718133833,-0.020566626558646883
0.017761013567651696,0.01754797934124358
0.04145488462102043,0.04029128407704302
0.02773554663591382,0.027212823584626233
-0.028606245827410226,-0.02803868076604804
0.03868014455207247,0.03766579940229903
0.029438801938622583,0.02884982837507838
-0.02923717496209599,-0.02864464094432556
-0.016566136892295247,-0.016371020971038208
0.02910136809479502,0.028526486979240706
-0.03338385210925876,-0.03261637286649638
-0.02059717921582338,-0.02029926538150889
0.03154227392984199,0.030867179248967813
0.039858773674092185,0.03878237629473741
0.028843272392438696,0.028272857854997502
-0.0341796915819533,-0.0333794382219304
-0.015799781778807226,-0.01562351629916453
-0.021826058541839582,-0.021493382223816193
-0.03436643603301612,-0.033554411160865494
0.024010935069352396,0.023618485483393348
0.028124965685604547,0.02758721578501916
0.04692286455270547,0.04543631019376221
-0.02463894319365409,-0.024216226272580743
-0.02431624483529124,-0.023903213978498317
0.02701119953532341,0.02651544036973913
0.027630419981274162,0.027112710046191812
0.032283152730620795,0.031575141541842766
-0.016977895244007474,-0.01677448665029463
-0.02706681414298981,-0.026558729454456975
0.025181221708099027,0.024749630515377097
0.01747594380590392,0.017268593198639548
-0.023977789563964652,-0.023577244171063827
0.0012489895934165995,0.001254193654796898
0.026721107284499862,0.02623779967378098
-0.02558333196794646,-0.02512821669148707
0.016004778283811444,0.015832368979301348
0.018799173599792912,0.018560859690083864
0.03779019631681382,0.03682138520596151
-0.020122251253367057,-0.019838044511554964
-0.03896598211296162,-0.037925806370976256
0.025308642995703817,0.02487233309663711
0.04116765813380066,0.04001750569663226
-0.03922984240139801,-0.03817727569399004
-0.02471954256661743,-0.0242935993848144
0.02697111363225982,0.026477106510529536
-0.026814996679417863,-0.02631524067716523
0.027090399617662048,0.026592266793410813
-0.024422018476906476,-0.024005592584567526
0.02321648395844292,0.022851405481980114
-0.025917812845608207,-0.02544981519067463
-0.03207781634514614,-0.031366628842306954
0.02968994071715883,0.029092714115826757
-0.030551378924196765,-0.029904639814172962
0.03001711730482462,0.029406948577145042
-0.03453282491527507,-0.03371044297566744
0.028241383231825484,0.027700312392275384
-0.0347458663082659,-0.03391458203364334
0.0297097069587188,0.029111236801666995
-0.0417294342575055,-0.0405402917454159
0.0406629821919903,0.03954261196964953
-0.023337524310055396,-0.02295795968340958
0.019597931641980676,0.01933727538971336
-0.02186930212361901,-0.02153499737004122
0.024106910341851556,0.02371157839812671
-0.025831882548813606,-0.025368133862366415
-0.03412358000499424,-0.03332148689178155
-0.019373143708807244,-0.01910966571935152
-0.03175001488331017,-0.031054624516591967
-0.04253447875838376,-0.04129836108003154
0.0253508994109152,0.024914922422079433
0.029146963878562776,0.028571264747226655
0.03612178195214458,0.03523557084123613
-0.025576122782349525,-0.025121158800300913
-0.029731847103072834,-0.02911938288335364
-0.039878596797086135,-0.038791181605065506
-0.02780849903793911,-0.02727272919734386
-0.036673299014498756,-0.035749136606938736
-0.020337787544566804,-0.02004669981012569
0.031228001192579097,0.03056538212277221
-0.03623379662689072,-0.03533252790379443
0.031308611277380965,0.03064015195500719
0.03789719339105449,0.03692219234507771
-0.01974163354619915,-0.019467411532604617
-0.02668627388633457,-0.026191037802686667
0.03681927735048621,0.03590129656751134
0.027591761654016583,0.027074289118852624
-0.027409060997512252,-0.02688749410256236
-0.032194316086750024,-0.03147893908680516
-0.01941082692121196,-0.019146619277648436
-0.026306169734001766,-0.025825632659010334
0.027295654527098062,0.026789068721601195
0.033931777761186194,0.033150915627343236
-0.039303471531395434,-0.038246005720103116
0.026514887118669034,0.02603686836643021
-0.02948296431539074,-0.028881218785926033
-0.01951478141702076,-0.019246714556198585
-0.026777561759493057,-0.026278779790284867
0.029971979993617698,0.029361890921998535
-0.02027728960421435,-0.019988898873091687
0.03769850641857189,0.036735711738414556
-0.01990925831293286,-0.0196309419546839
-0.02322529623510214,-0.02284863399723097
-0.03387112691836677,-0.03308283120275807
-0.007205853356863162,-0.007165127321634268
-0.034193061436288946,-0.03339142830754188
-0.015242895590982325,-0.015078353734584271
0.03776167728956473,0.036794309607172726
0.02006135261547662,0.01978845336195295
-0.021158460057482426,-0.020845658556495616
0.021727970684129044,0.02140735832013302
-0.04168500729723132,-0.04049886752475157
0.0318457104084581,0.031156280675395498
-0.032791050819755835,-0.032049559433885266
-0.017601109707543333,-0.017382598460247645
-0.02422777475578361,-0.02381805209233484
-0.022322603683272962,-0.021973722874095325
0.027632748561483705,0.027114575767290316
-0.03464378661126308,-0.03381825608199979
0.025524565874037425,0.025081475675604314
0.032915073345456985,0.03217948244667784
-0.042207858446311586,-0.040996967501946424
0.030403405148995977,0.029770704756763633
0.034965986976092656,0.03413103769124021
-0.0884951697246717,-0.08334141228950862
0.031061638166581085,0.030403436689444813
-0.032774363531745954,-0.03203532107580062
0.020818497474744235,0.02052492707872891
0.03932454282665082,0.03827490609034315
-0.019364549292811672,-0.019101723459917314
0.0356006278787761,0.034739787118412774
0.03927890370688386,0.038233866037002545
-0.013305308652209524,-0.013177040869337436
-0.02468648997337658,-0.024260837108783545
-0.03384076420887988,-0.03305311787260787
-0.020946710729231433,-0.02063881588533742
-0.03173624353166554,-0.031040026680740657
-0.019515639321287692,-0.019247333022055696
-0.021112978125335913,-0.020799783906387564
0.0460663640726206,0.04463361887726028
-0.01625718128206982,-0.01606789462508426
0.03453655316728005,0.033728941362753534
-0.035333225444517835,-0.03447631934732562
-0.018565965762668724,-0.018322609377034976
-0.022450475730576847,-0.022097395103071155
-0.014740293056426934,-0.01458568234638366
0.03392977010374304,0.03314765275459444
-0.03932108142477647,-0.0382630271254549
-0.024347190926483242,-0.023934905805232692
0.042149403583586265,0.04094728118068905
0.030488147428851364,0.02985636542900985
0.032036250477409156,0.031339940765783975
0.04642082123049457,0.044965299438171985
0.03090378791097409,0.03025438788767379
0.03276509566497049,0.032036597039097475
0.03206866114508328,0.031368861747832294
0.032477821490476566,0.031760495016480955
-0.030904645016550047,-0.03024524459435482
-0.017388449994856947,-0.017173423978617625
0.04790568458103012,0.046358364828655435
0.0531058961097059,0.051208624596740054
-0.01863804490544846,-0.018393129454014695
0.04526350090610437,0.043879871968638656
0.041076147096104465,0.03993270438286747
-0.004637899951973223,-0.004619071082915899
-0.0113667680722776,-0.01127296785012219
0.048557537408246476,0.04696681694028862
0.05619260976211121,0.0540720852962662
0.006856988165948097,0.006828142154196942
-0.007277736245562549,-0.007236953159451137
0.06562808635361245,0.06275323874183106
0.04923219181210653,0.047596765463451735
-0.0038206375714838203,-0.0038073772868778277
-0.015776788680737452,-0.015602702220675252
0.010411714482024104,0.010337870724825865
0.08061104100999378,0.07631467586928012
0.0630974920804474,0.06043276775188525
0.0704675116704711,0.06716066181445204
0.09261490953810719,0.08699063096748508
0.07032315888897939,0.06702943870672098
0.013437407061921591,0.01331256244009052
0.061739485263239524,0.05918597938861628
0.07658461204580375,0.07269531053551284
-0.022165530903919317,-0.021826480884711924
0.07305866263035016,0.0695101607469302
0.021898071909777828,0.021567301777607045
0.06189789738117385,0.0593313928666839
0.07608465999513297,0.07224477443628932
0.015069003201779674,0.014912164705308345
0.07236365145485996,0.06887996140792343
0.014893339672220784,0.014738994721836401
0.022992210577082284,0.02262695004506779
0.014282073910631021,0.014141834543141246
0.09650541901336934,0.09041536281453902
0.07026151388567298,0.06697429596343832
0.08203878388673752,0.07759352853991744
0.016863363435700884,0.01666860296689568
-0.030317486954274442,-0.029685423954437046
0.01147435350677467,0.011384712840324634
0.020497643712387104,0.020209472351245178
0.019972503353346605,0.01969844052008754
0.012950772196516469,0.01283517038975071
0.012805810634190118,0.01269413105061859
0.012973982053654909,0.012858788979361907
0.015006132665070504,0.014851536964646722
0.010838282073439787,0.01075772767261321
0.08400552169427739,0.07935031209471302
0.06956112051773816,0.06633654814627701
0.016779032602611765,0.016584424366316713
0.06733573756594774,0.06431040666683388
0.016392862237453565,0.016208141456007158
0.020673945983035347,0.02037982743703151
0.015233363449293102,0.015074635460187419
0.08795705767707312,0.0828687452678776
0.01410498033302593,0.01396878188852882
0.014760389842887578,0.014610740358258961
0.09310643936076607,0.0874247485076807
0.01701647291724301,0.0168165168519461
0.07190553713863407,0.0684648618990216
0.06997218814093292,0.06671148753527192
-0.058056425153286476,-0.055791288143244154
0.256431255585146,0.21802220877787004
0.09454991283626057,0.08869653256458143
0.09091015845176464,0.0854850595492822
0.03537705667011792,0.03452266536243087
0.027992660742827802,0.027456120167233422
0.0257704599175268,0.0253145356894251
0.021511324836762213,0.021192771361977947
0.07374334278065664,0.07013057417978974
0.03666735647526931,0.03575070843936157
0.025701814749799823,0.025249278211487258
0.031443446799601205,0.030767498870733156
0.12421359283511269,0.11432078602534457
0.028130139104845853,0.02758806853015816
0.032004621012965195,0.0313038101666967
0.029848774206257644,0.029239084674629545
0.1018260559880293,0.09507162376872458
-0.016341279530720954,-0.016155725236519203
0.09528550707151773,0.08934431071232485
0.026425581171189094,0.025946022640258803
0.03006801892290767,0.02944998960079559
0.10866243692885824,0.10100831332316673
0.03765146425742838,0.03668488469387743
-0.06802751250712813,-0.06493930917060631
0.12662078049346803,0.11635956166835104
0.03710400212412868,0.03616582261408041
0.11767704626701203,0.10875617434370533
0.04388625324125783,0.0425807118431063
0.1088812765589573,0.10119744884363246
0.1299487071061156,0.1191644795920288
0.04234829324392475,0.04113111141066028
0.11757281261557662,0.10866775373866044
0.14515456691384898,0.1318424368290918
0.05180667307469644,0.0499957889922138
0.14309824495802115,0.13014156892122397
0.05233093212072859,0.05048383160056158
0.1320481051610809,0.12092862001347271
0.05218608055234686,0.05034945185860895
0.05758547605899622,0.05535653304332566
0.1491453965657934,0.1351302600966866
0.11642303291317457,0.10768436916946378
0.07141160039469518,0.06801650337970955
0.0012981559215567984,0.0012984185526470071
0.06666924364364135,0.06370083516730318
0.15289082438555646,0.13820182756183996
0.06953227682265872,0.06631026967093945
0.08205081065572539,0.07760187420331821
-0.02962233089951371,-0.02902035097370739
0.13921506810191986,0.12691783334160842
0.15716942693038238,0.14169237053011638
0.12691877056877587,0.11660900607756428
0.08970500115046953,0.0844154140300942
0.12331241282361838,0.11355256497114449
0.08768945040177567,0.0826249192485454
0.1647362139915255,0.14781954009021944
0.133666290978396,0.1222784720679174
0.10822599625410068,0.10062020824582571
0.12746907972357768,0.11707540075548603
0.14051727436593275,0.1280010495423106
0.03048478457163928,0.029847802696409603
0.13687748265691024,0.12497031916961951
0.12291810362651667,0.11321770784546156
0.10128046910546484,0.09459663947693517
0.12200878033107021,0.11244797075155563
0.13145832365727383,0.12043478583360887
0.12135194396930171,0.11188861532813696
0.15681848320759262,0.1414055583319774
0.139306333650974,0.12699208618980115
0.14280351974434347,0.12989278499023857
0.13380030375989016,0.1223963469746728
0.13315694020574143,0.1218545189964658
0.1661534445630607,0.14896126474479007
0.1250343813846878,0.11501520106458471
0.1507478295206851,0.13644384341751845
0.1317619150614996,0.1206900051888434
0.14304927294724845,0.1301005125710338
0.25773885972653343,0.21897134651727654
0.12389814516681608,0.11405278300739016
0.14288637384858138,0.12996481684917835
0.09883841737410315,0.09246142031624913
0.12118927291915249,0.11175036897707588
0.010204206997320608,0.010131276357777524
0.10264583446600473,0.09578664072969509
0.11227054474874454,0.10411867601773625
0.0740498108726052,0.07040744102379079
0.0741653893350166,0.0705110573031181
0.056764930114042156,0.05459760163950342
0.05495956488604492,0.052926139202148365
0.08980415441685541,0.08450538071988997
0.03222912924831356,0.03151984282850914
0.06222348841836578,0.059630568754623775
-0.004156589848690717,-0.004143907708671263
0.0503216687371949,0.04861112220965555
0.048953080626239154,0.04733256463128263
0.04285608072617919,0.0416097005843957
-0.014808202605776866,-0.014655058422249928
-0.009386458485148519,-0.009323333279298934
-0.026626310661965635,-0.026136477017472265
-0.010511394535328011,-0.010430693401524499
-0.02802610647127224,-0.027482031567699045
0.018188687455016894,0.017965127495789796
-0.025189158502725628,-0.02474794825817242
0.01759109929967473,0.017383794390454982
0.019341728260138358,0.019088117011319378
0.013311637636856166,0.013196079680340839
0.0097646298137396,0.00970310473987776
0.010959616749562362,0.010881455195212192
-0.06767769451951444,-0.0646135466412682
-0.08289309922718668,-0.07835161080923606
-0.04933909313587026,-0.047687772670697376
0.008219928186266157,0.008177854662415912
-0.03770131191199855,-0.036729044462836674
0.00546976176997227,0.005453304590513491
-0.03300877020486037,-0.032260195553644705
-0.0003404391162743492,-0.00033750137123203516
-0.011919118287033181,-0.011817298419136618
-0.03717393156141291,-0.036226441358221534
0.016404181006197338,0.01622272681907652
-0.02654613741039291,-0.02605950254485148
-0.04829224682917477,-0.046709161495804535
-0.05724078110633879,-0.055033310495824855
0.01984886945586084,0.019580709774829147
0.029696680836439282,0.029096106296433527
0.024498926103249663,0.02409157793298497
-0.04219063159411174,-0.04097396019970159
-0.015715212310141058,-0.015539594319504607
0.03047325756105501,0.029842728346029718
0.02788383451127452,0.027354097553636686
-0.020901454127005503,-0.020596217210038154
-0.04630295519293692,-0.04484473505331846
0.029793005084014834,0.029190152583039003
0.029058261515253148,0.02848591372910078
0.0314024362697537,0.03073340477252859
-0.027708209235930314,-0.027173063690865723
0.031598232699873496,0.030917894507797777
0.10319127523473537,0.09626402362224393
-0.014122124956921556,-0.013981109883192039
-0.0674424033823432,-0.0644022013654432
0.029910171702016375,0.029300596506296545
0.02950502755808515,0.02891149170582316
0.0253088957730202,0.02487407418447027
-0.06413541608499596,-0.06137837926722192
0.037317324677380026,0.03636955287571339
-0.020194253361222603,-0.01991104480561426
-0.03984701566830029,-0.038762761915559635
0.023485473280832392,0.023111362930325535
-0.036166273893139755,-0.03526887392327929
-0.02216544885003724,-0.021822148280991632
-0.04905168715626462,-0.04741855133450326
0.01964764676105546,0.019384038231047812
0.0150429237541011,0.014891829290328923
0.018123222342374956,0.01790043368204372
0.019551038378874286,0.019292341325261114
-0.04497920841436798,-0.04360068008485332
0.02131394065821557,0.021006710672760137
-0.04303385656994674,-0.04176826051612928
0.014956245846892924,0.014807797670362527
-0.03772369625367655,-0.03674935766353862
-0.014209684502325959,-0.014065892279420927
0.01926105066152861,0.01901114805850987
-0.05800802197724397,-0.055741548183500994
-0.026503556835744457,-0.026017399098677535
-0.042385889721145875,-0.041159341925215115
-0.02291589791662829,-0.02254753690092884
0.026994269855278863,0.02649878198644781
-0.02059765126165647,-0.02029858585622915
0.025136119789879285,0.024706168124778743
0.02115975034705475,0.020853748521054344
-0.04626703988887548,-0.044809756383850013
-0.02164095497485874,-0.021313548126796894
-0.008909630092491905,-0.008848534873460961
0.054526357092484656,0.05252779569209806
0.014542382092087469,0.014398515681369156
-0.04415354122397719,-0.04282344794526996
0.021256022141781128,0.020948343668273667
0.023539678888871873,0.023163716337959522
0.02396149697264438,0.02357206975193335
0.026250456978570758,0.02578333520928275
-0.012942227188852296,-0.012820545441032755
-0.03055320900247327,-0.02990593766253405
0.015882038168603008,0.01571107180426043
0.022183711224393332,0.021848861164302485
0.01646698245425704,0.016283245852797806
-0.030601764935691445,-0.029955491332447265
-0.019391084710794426,-0.019124381766091686
0.015155991817718761,0.014998364007011128
0.024652569064948726,0.024238189331135723
-0.019524272512543628,-0.019256835754510787
0.021398836162449197,0.02108971594554418
0.020990957818095457,0.020691229114513904
0.02282009365296933,0.02246691153907107
-0.01543006858456486,-0.015259597677835052
-0.03449159357686671,-0.03367233278731732
0.022198027470483273,0.021863711025702587
-0.028388570606450503,-0.02782998763856473
0.025154056732114793,0.024723364064005965
-0.016209771104635062,-0.016023508272911796
0.023787115807836767,0.023402861287980053
-0.016600219992714993,-0.016403831405773422
0.023659259616383044,0.023280151222762585
-0.012985002018020775,-0.01286409107874889
0.019813296379844414,0.019547697400744107
0.01936865070614957,0.019115611423808326
0.022082952601727546,0.021752507951635275
0.025448887236748985,0.025010921862571672
0.007745602326506007,0.007708269269385143
0.019795138583635574,0.01952889010091638
0.022544940375436195,0.02220093177918478
-0.018892106340085202,-0.018640331995502107
-0.028677531517053434,-0.02810707037552565
-0.01411260333553066,-0.013969438020821207
-0.024871584981484562,-0.024439666964625323
-0.038088181351698114,-0.03709320571510891
0.022175690046340013,0.02183947595501809
-0.03681167444012157,-0.035882183727625444
0.019990251374698897,0.0197208606334561
-0.027641462393661054,-0.02711001950425676
0.02375121863884211,0.023369176582523105
-0.0261501801888685,-0.025672461043067335
0.02573128575605843,0.02528166015243158
-0.0187527110497826,-0.018504375593025563
-0.032712973893263775,-0.0319742995452236
0.02754666849298293,0.027030469847456468
0.0225407757371362,0.02219555890092248
0.022646765398116497,0.022299677673288082
-0.01672528610654378,-0.016524407955919612
-0.027224734591354216,-0.02670724748148015
-0.000844007879269415,-0.0008380479468494129
-0.022395599067507876,-0.02204384433192033
0.02371540053392096,0.023334770606134286
0.007320436105043737,0.007287731886831489
0.021112463937161263,0.020810159540569723
-0.04388169128869979,-0.04256762822771201
0.02001196665224303,0.0197416059671843
-0.03992007804705444,-0.03882782787066699
0.021962027701755926,0.021636867673958976
0.023421869193117506,0.023051878043179735
-0.012161409198067186,-0.012052766585613744
0.02256986330348021,0.022225292712988315
-0.036422512021291875,-0.035508713539078945
0.01904201054117849,0.01879637793003272
-0.025975687914695622,-0.02550685065751282
-0.04158343237954021,-0.04040082492831357
0.022881136024546334,0.022528557444114833
0.024740300941280435,0.024323646992506193
-0.01670067570217426,-0.01650180933972259
-0.0247541916376538,-0.02432526775880231
0.030409032582891737,0.029779279620484184
0.02095679981022791,0.02065754740453371
-0.03322010829845812,-0.03246062960450438
0.00790134288842037,0.007864038762055964
0.025043746961508906,0.02461897819133671
0.025813705990018865,0.025362864497644105
-0.01404243276092021,-0.013899248543262216
-0.020852566788881144,-0.020544652129245305
0.002478546032559703,0.002479380124443681
0.02279619020253698,0.022443743299255553
-0.03728889549735814,-0.0363323450703156
0.02388101900390105,0.023493979721115638
-0.027106252806437747,-0.026595721174670045
0.004708058662846182,0.004699588898096602
0.02967594232288928,0.029080646970137097
-0.004416072208686006,-0.004400292271998479
0.02522117107308841,0.024785989808581904
0.02298126796376032,0.022621395202249234
0.024376376296953883,0.02397151448786214
0.027750193664840883,0.027225624320328018
-0.04095204961884391,-0.03980547958053507
-0.010296107511821861,-0.010215755323652514
-0.027611885833929928,-0.027081514412689606
-0.009583296707727729,-0.009512210456797204
0.023556972732411308,0.02318349127874128
0.026955749430854437,0.02646160820923757
0.014950890768268832,0.014800479933703231
-0.03174206313771044,-0.031046669342100236
0.022460043617535175,0.022118953958203486
-0.02459600695406816,-0.024172999195138628
-0.006739851466520785,-0.006703611190541997
0.024462195423725963,0.02405632781473485
-0.03583126495047029,-0.03494977465139773
-0.01122580630825698,-0.011133517397224152
0.02413135053908555,0.02373636141524535
0.00147025917242527,0.0014763056694247767
-0.019619066209643488,-0.019346258195999694
-0.033941358013636846,-0.03314864879018789
-0.019732634810131766,-0.019457661620617378
-0.03153284218292274,-0.030844995732554642
-0.017100180023064016,-0.01689609551321994
0.023944558069118327,0.023552657657689297
0.0024296156326172325,0.002427440473277004
-0.017429032573336722,-0.017216896286644717
-0.032308121889769725,-0.03159044670184788
-0.014199213502732344,-0.014055207365521488
-0.027900241067085108,-0.027361038578563784
0.0043286553011406825,0.004320950860643963
-0.01952846257627605,-0.019258639917681647
0.02785516826395462,0.027327706508024713
-0.019200531020823308,-0.0189409923059273
-0.028584154595866162,-0.028017241149470712
0.02360246349012851,0.023225466328384486
0.02640177088279405,0.025929032968344673
-0.002550258546249462,-0.0025385593469135215
0.02299564896792472,0.02263972003498757
0.0626838265208064,0.060056273803166776
0.020648871918690692,0.020359282514722382
-0.020958244030903184,-0.020649687800277233
-0.0052883470516568165,-0.005266749967433176
-0.034000502932744925,-0.033207643475198806
-0.06430924260651405,-0.06153878563724327
-0.015201228333115213,-0.015038677525717331
0.025208524450579195,0.02477410312958081
-0.03990528220151457,-0.038818166112772806
-0.01040587584587882,-0.010326899911160231
0.01609643327630572,0.01592134695572653
-0.0066854680852478365,-0.006650483468004259
0.034502293099477055,0.03369339497978405
-0.0076803126767507335,-0.007634455235657894
0.030460113368650288,0.029828737632685426
0.0020203974524611867,0.002022282489565791
-0.006161883557893932,-0.006130120225057573
0.035200009149458755,0.034358876032752755
0.02688131232397606,0.02638965155220649
-0.00814403351887083,-0.00809263738449531
0.0293815129637941,0.02879508750389856
0.030902371297068076,0.030253037352876072
0.003465303548495169,0.003461824658010565
-0.00287168124485937,-0.0028606597660155997
0.04083395361217079,0.03970442805610794
0.03102775655236567,0.030373029782549382
-0.006070452628247014,-0.006039671751654124
0.0026914259495748327,0.0026908876230541112
0.0018330352131857852,0.001834885719523699
0.031937468577747485,0.03124399156211108
0.03524802389990811,0.03440396811743049
0.03829044866925557,0.03729523090204409
0.007294716801149126,0.007261644173748388
0.04388962580894795,0.04258621904243362
0.03783574233585274,0.036863400215132985
0.005685519447763743,0.005666459664093709
0.03571958352160032,0.03485227239562114
0.011947026711413788,0.011851140926177978
0.006794111438684358,0.006764843784783453
0.039535737116419445,0.038474634301038785
0.012592882514534165,0.012485865942227642
0.04984866107749053,0.04817170507912358
0.018143167285963213,0.017918069900019512
0.01745479055517063,0.01724660386870322
0.042340550702800184,0.041124416148787896
0.02102664779552399,0.0207234749510464
0.04152425537972004,0.040353721266052384
0.02111922857346127,0.020813072687584894
0.06889779116275208,0.06573350995899715
0.02599028652218316,0.025526994966204336
0.03318591440618779,0.03243355364963882
0.02760451021667809,0.02708179920906381
0.048256529380666824,0.046681078566437856
0.03164993260570992,0.03096409672366693
0.04539287969619654,0.0439954396281875
0.009992551675545802,0.009922499485372244
0.04468572365898471,0.04333025934519838
0.051809441632067466,0.049996584837076335
0.03156759732460135,0.030884084698975828
0.05065495850858259,0.04892017064271989
0.04331267592945409,0.0420369062822111
0.03160927553778958,0.030923150386244908
0.01733218777432921,0.017122216699392817
0.034989863841554336,0.0341510361360072
0.017554220924376307,0.017338336234360513
0.033105660075183896,0.03235312463251247
0.04935686242142279,0.04770635684810251
0.03659415482959727,0.03567696331207823
0.04150207487381252,0.04032741013630012
0.0210202250963355,0.020711493708076206
0.046658525682045426,0.04517949555674469
0.0469909491148216,0.045491101983787446
0.04679501693667032,0.04530719498484145
0.04686804620295526,0.04537511426030924
0.043166202602679005,0.041895574873668545
0.04855790028439089,0.046957279454021256
0.04024370252748721,0.039135701246290816
0.04965478629411291,0.047982014115298094
0.04563488519780645,0.044216885444294
0.04611922382205613,0.044671256050355795
0.04677622932620917,0.04528724601957865
0.04684117758636941,0.0453479484144724
0.04810187966934365,0.04652868487938608
0.08599406226305295,0.08111415025487165
0.056062013089681284,0.05393994169765168
0.03503139934882704,0.03418577815309795
0.05207559808057216,0.05023771517577699
0.06394610731725525,0.061201488048300584
0.06261500463922698,0.059980884431526243
0.0576362469972268,0.05539490380734832
0.0443079081277179,0.042966830197211786
0.07400918232630105,0.0703603934741702
0.06311497406743716,0.06043768417777126
0.08104814050612952,0.07669576937559128
0.07075553053213313,0.06741115178303544
0.071256341755353,0.06787069196676362
0.1058562255637635,0.09857423012985808
0.07107778444481128,0.0677102564234012
0.07438437112325869,0.07070406035175267
0.0705401157420581,0.06721961954276309
0.12294158252562337,0.11323451813494465
0.15569573222076916,0.14048690576537978
0.13529978522271346,0.12364747069766543
0.09964916234850396,0.09316321421683824
0.09698777131714931,0.09083276819712757
0.1720691957495034,0.15371016514316213
0.19900624178300153,0.17491775975127374
0.11545039476767915,0.10684753789334298
0.22152554645016853,0.19214590052287547
0.18943129491612176,0.16745452217048182
0.13202954748157059,0.12091124105630921
0.13114473875994037,0.12016946645399837
0.24597997337460076,0.21037468181897853
0.1446095691930066,0.13139364760300917
0.24877619385505867,0.21242667605195162
0.26512573477957624,0.2243133995667815
0.16523484348212236,0.14822643197104632
0.17745211413876938,0.1580076627330854
0.2595075369622145,0.22025166930762874
0.18760477782370366,0.16602549150754398
0.18177352718869433,0.16143369391544982
0.2031383094528484,0.17811260436917353
0.3525955287252521,0.284658421661114
0.274824782404827,0.23126465481722003
0.21331569567921893,0.1859172528180416
0.1864037593357405,0.16508355400125618
0.2869861907527761,0.23988590624268602
0.21500476625963227,0.18720423996895585
0.19486546218022938,0.17170460348119365
0.19173496634521048,0.16925916394407425
0.20738351576270653,0.1813792862755893
0.24294643972719854,0.2081400832093877
0.2821854545176983,0.236495747809928
0.13863009837588347,0.12643267865369945
0.2228426924707234,0.19313944192193377
0.16158691684689241,0.1452808939669149
0.17951271433278926,0.15964363411046156
0.11517188889826979,0.10660964528833328
0.1508874680458705,0.1365633906712539
0.07697933648841815,0.07305067140805
0.07077677831119722,0.06743917737753657
0.09591447805481046,0.08989733607675421
0.10758202515753812,0.10007300627222515
0.02349974798451182,0.023119578349550474
-0.0021328515532959003,-0.0021297923405846353
0.01741358256951031,0.017203904220167154
-0.00944736417704295,-0.009385046196224933
-0.04083712095750336,-0.039700685399440494
-0.031099545333817424,-0.03043348767353604
-0.015659584681001704,-0.015483245436068827
-0.07311364018554478,-0.06954487675533583
-0.0557619384701864,-0.05365661101389063
-0.05821683264301125,-0.05592542062068995
-0.03532500067423694,-0.0344679080964333
-0.056040977583442064,-0.05391294028562521
-0.05431239883236927,-0.05232044171898431
-0.07385429970721091,-0.07021583873744175
-0.07483585415027338,-0.07110307330222143
-0.06173815581914166,-0.05917260413110659
-0.08942346113889155,-0.08415677463156379
-0.11280426459615356,-0.10456422711977209
-0.06576853466939525,-0.06286937421270355
-0.10338778656191305,-0.09641912907754158
-0.028054138985533328,-0.02750972560290421
-0.07390147922560697,-0.07025982087670712
-0.04177899015992814,-0.04059193405273387
-0.03249592658333533,-0.03176748722161804
-0.08567082821326721,-0.08082514558119858
-0.008105675138851076,-0.008057522509136383
-0.02223115860552749,-0.021883512347404377
0.006666043749839284,0.006636330831043757
-0.03828209493938592,-0.03727976777817954
0.12084563969371578,0.11146070476242809
-0.026517687940448814,-0.026032278218280247
-0.04302991376795892,-0.04176772084373592
0.034204253124221845,0.03340625816929599
0.022493423281188557,0.022146738399334787
-0.10356686663744794,-0.0965840450409976
0.03666872423526693,0.03575322755637167
-0.02837937782164976,-0.027824402966178496
0.0019931059830583797,0.001992250240087756
-0.01114198504334149,-0.011053811884871756
0.09360548611903666,0.08786570468727906
0.04190489594803193,0.04071132322921489
-0.05677757626523583,-0.05460675644406354
0.04286068500597118,0.04161456085628501
0.04761342430481008,0.04608054528366967
0.04425360671171763,0.04292685083489811
0.047719707307870785,0.04618040180847682
0.08078465517173772,0.0764713836848081
0.039203246883348086,0.03815874378551065
-0.03071357877052705,-0.030064291480748295
0.00042865423248183987,0.00043027702233544574
-0.03164822873112083,-0.030959914560611423
0.02824442958208362,0.027699263318581302
0.028213853515560494,0.027670180730090088
-0.04379755605355573,-0.04249089511850457
-0.009620710726720993,-0.00955372390731224
0.01752353519204064,0.017315093642128687
-0.00972381503493569,-0.009655961669217561
0.014000793655814192,0.01386800471529348
-0.03710111952479256,-0.036155958780845765
-0.025520765995368677,-0.02506954585269483
0.004734888893253242,0.004725535363664157
-0.025192649991191196,-0.02475260738177898
-0.02958319113453456,-0.02897735300874693
0.08321614315218628,0.07864872780012266
-0.0357150728913318,-0.03484012517297419
-0.06035942468815758,-0.057906330196423994
-0.025247378029449763,-0.02480506329847465
-0.0026095879669636446,-0.002598588281354175
0.009182626783556636,0.009126510499352314
0.0049098412592885055,0.00489728484001084
0.08054136281753532,0.07625364899125486
-0.04140625023123867,-0.04023618560392617
-0.009824504269134948,-0.0097495110251975
-0.027873145033415092,-0.027337246149103045
0.0038953455627224187,0.003889321300022175
0.08487244679438355,0.08012599452746638
0.007952835765217436,0.00791315402161441
-0.05352632557273207,-0.05158698651759153
-0.02467775278755635,-0.024255167532054145
-0.028438819765171708,-0.02787717127540379
-0.024940983237618397,-0.024510133599889627
0.010992149152785124,0.0109134687387753
-0.11406472686302305,-0.10565742990077176
0.016478280307810955,0.016294148170294065
-0.05156881480418729,-0.049765794908902095
0.025074932063589017,0.02464507778639291
0.01563483401142829,0.0154698269491087
0.08154658826129957,0.07715486409367678
-0.02652055352173388,-0.026033364918689017
0.07315642671676237,0.06960020916159504
-0.0229145049308066,-0.022550412098511607
-0.033036888840640266,-0.03228506958222521
0.025038949987897574,0.024613399208347708
-0.03087300428686124,-0.030213187547759368
0.02307512038925008,0.022712017515882366
0.021428326972467993,0.021116231547771314
-0.04872045797382629,-0.04710750954918552
0.017957547735309554,0.0177380725641596
-0.03713268344916543,-0.03618701777411193
-0.01942496381443526,-0.01916049285518806
0.018656238886683774,0.018420613405877084
0.01907098806643237,0.01882206568853917
0.020378085293678794,0.02009490083422172
0.06734043505629117,0.06431684859548703
0.018220758739008858,0.017995839691432813
0.01907130495609799,0.01882677394945187
-0.012915337743157451,-0.01279598168264684
-0.03287273220896392,-0.032128765416509886
0.06713813205294983,0.0641320267097143
-0.028427499593416172,-0.02787036696785261
-0.05114261888154381,-0.04937115910166057
-0.02799919277866536,-0.027458793403350334
0.015670678033454344,0.015505050698463307
-0.022231569206534907,-0.021888373852489984
-0.034192682721004175,-0.0333895799824564
0.05818287436558478,0.0559109976353902
0.018200610729798505,0.01797553253938755
-0.05058475099322379,-0.04884931658031011
-0.026393817740898662,-0.025912287403650147
0.0082459345807111,0.008203174586408402
-0.1009009263603673,-0.09425949534829492
-0.04042280631600814,-0.039306456772118636
-0.05509604776997623,-0.053042724125003105
-0.0313122138625852,-0.030637722042794913
0.00605181190635129,0.006032011011406269
0.007446588667776588,0.007410421106813558
-0.015323868798721385,-0.015156663492999378
0.040897864536976414,0.03976484258262669
0.05466368201507965,0.05265334840464764
0.015644979796403113,0.015477584824279411
-0.03022130106284404,-0.029591175632919686
-0.051262592386009054,-0.04947916759040538
0.0006320030934325871,0.0006364116139563336
-0.00420504981705605,-0.004184928217179973
-0.06757489185987176,-0.06452019683096477
-0.04316608894324858,-0.04189542093796117
-0.008636718300346402,-0.008575548996875959
-0.0033798511266391884,-0.003368280794183498
-0.05643488245549921,-0.05428362223952554
0.04945485616893741,0.047804376282623906
-0.009999479283501422,-0.00992535408210049
-0.06912699720319271,-0.06593090978667693
-0.014031538830330703,-0.013890728271129582
-0.0639998310762957,-0.061247848228275004
-0.047574395934042,-0.04603853272439373
-0.05839278949626969,-0.05609239529247301
-0.03452885188687116,-0.0337091663220459
-0.0502637129292518,-0.04855031074885918
-0.02573429553492801,-0.02527156318328938
-0.014867214462022993,-0.014709587817902658
-0.023693174393658367,-0.02329621651324576
-0.08823199067500109,-0.08309826706158407
-0.05731119243802141,-0.055094371694038635
-0.03032692944430959,-0.029687617411875422
-0.04997459617314526,-0.04828303363522224
-0.061290826956509115,-0.05876148054903485
-0.08303143181901529,-0.07847355071862872
-0.0223968693890626,-0.02204259267823616
-0.07588131427407152,-0.07204923735911084
-0.04873586469188851,-0.04712286942551991
-0.0591212145167912,-0.05676320392392853
-0.04454729464754337,-0.043195533220061755
-0.021272970721636142,-0.020949038106909512
0.050323063942056656,0.04861774172468003
-0.016902569958985758,-0.016697299997238346
-0.03474974092061878,-0.03391422091831853
-0.012754721664141933,-0.012638437820913673
-0.06401301144895388,-0.06126010182421382
-0.04368105881440343,-0.042383229072700424
-0.019754107642592444,-0.019478224429799518
-0.07359144589148237,-0.06998211864940362
-0.04554974703439818,-0.04413586599449815
-0.07072762874642091,-0.0673862073080711
-0.018010014353972537,-0.017777827948507685
-0.023560664674713294,-0.023167455224959
-0.1294012786983032,-0.11869754916553177
-0.027056076813320118,-0.02654535824146187
-0.034183882429681844,-0.03337604095874003
-0.05129962195545623,-0.04951824085539869
-0.02916730540216861,-0.028572634620608106
-0.0495323613855696,-0.047869888677050554
-0.0678009740853982,-0.064720584313684
-0.14510597635470202,-0.1317957325858634
-0.03382189669306079,-0.03302684943390588
-0.08107072069873666,-0.07671383128839437
-0.05818366669588748,-0.055901795309741154
-0.043006153587878515,-0.041742231516854744
0.024950679863263936,0.024528914409796876
-0.045661435656546345,-0.044236672100296026
-0.06020498717804568,-0.05776045174792355
-0.04389195782360833,-0.042570564983003045
-0.08223493411285787,-0.07775522220336128
-0.048414832639150696,-0.04682224031200821
-0.06264668937256346,-0.06000322618664988
-0.0942047287398804,-0.08837722352694666
-0.07371150528130688,-0.07008988760048673
-0.09236476223430223,-0.0867564182461793
-0.07904605479445515,-0.07490042824939191
-0.0960666498535021,-0.09001607678049517
-0.19506956441590262,-0.1718537413772676
-0.10814439796405839,-0.10054919009280638
-0.09505499353040836,-0.08913247789457923
-0.11646143943935883,-0.10770373715611026
-0.11089620748251772,-0.1029267668829883
-0.13728174418883388,-0.12529501222956974
-0.25386414641969157,-0.2161391388558851
-0.13670388930905375,-0.12481480783237231
-0.1526232778945662,-0.13797169260330122
-0.16278180254587138,-0.1462362445722869
-0.19384783422962037,-0.17091092533906327
-0.07270052394749715,-0.06917927365818155
-0.1563774964390019,-0.14103679263140023
-0.1825727074958916,-0.16205135805054294
-0.07301763024226116,-0.06946794779845789
-0.16166804024239134,-0.14533413825792785
-0.24374736104379036,-0.20873245558119624
-0.15521005530393947,-0.14009066222502398
-0.2186617143865339,-0.18996276346842578
-0.2627058341866437,-0.2225510451008672
-0.1864925363384031,-0.16514576136228953
-0.1678113459360515,-0.15029013337848252
-0.007664392125810826,-0.007619968429077417
-0.17702979267216906,-0.15767327427320332
-0.15783773494194991,-0.14222992244846744
-0.14664686890280287,-0.13306127546789004
-0.17283321466182522,-0.15431825650264852
-0.3229117628362844,-0.2647534584330443
-0.12806504772993688,-0.1175651857301202
-0.16142856592389443,-0.14515277941199767
-0.06546359412364033,-0.06259592901914968
-0.1035837955840826,-0.09658951445155772
0.05824266731021144,0.05596586654008184
-0.04197369763391823,-0.04076641321833041
-0.04521099954992103,-0.04381494238487893
-0.017092912257164805,-0.016888133343669343
-0.013826891061744284,-0.013690611022146304
0.0029090282025112657,0.002907075804980397
0.015837512379828667,0.015667739904393296
0.025521039391208866,0.025076802767476702
0.0478523051055717,0.04630607700201306
0.026296703722924697,0.025824591513643358
0.04843399705344087,0.046849679457268034
0.10779538837500979,0.10025923575453077
0.039561426420422485,0.038497418612691514
0.06158431365476602,0.05904352138208668
0.06594930403839872,0.06304440444626891
0.06532218248198873,0.0624702145621584
0.03841392891515216,0.0374099849815942
0.10419469351132538,0.097134657623278
0.05677108144762766,0.05460455561240607
0.0412616348798478,0.04010467111612204
0.04043361987875915,0.039323176608433985
0.058397327008689714,0.056107913189987424
-0.042883805485328885,-0.04163261300636478
0.03940797655365991,0.03835239086970421
-0.045748842642845844,-0.04432843907857287
0.008714843086785606,0.00866338586848936
0.04807582002856492,0.04651299007784615
0.00014012232752680376,0.00014169028243216086
0.02620349199103078,0.02573313075855832
0.004832348076654114,0.004818426232254036
0.008314196149473041,0.008268507141401815
0.0006103648376365456,0.0006125009449816643
-0.0011580034788449822,-0.0011537662812078908
-0.013131590565867768,-0.013008481773331693
-0.01152082493075568,-0.011424174463044001
-0.012395713405692455,-0.012284078160139988
-0.009869838428277156,-0.009796118511480434
-0.010994578037450964,-0.010903776662138154
-0.019311846538619726,-0.019046624864435313
-0.015114486323435372,-0.014947337986214504
-0.013458083342799299,-0.01332271719760414
-0.015964876099685554,-0.015777950408604302
-0.017407736357683667,-0.0171868526203377
-0.01316442164368592,-0.013032026363296478
-0.00642060036039549,-0.006379244016262331
-0.011821277273352138,-0.011711084313048237
-0.010798960093485022,-0.010704180127062313
-0.004273850078591046,-0.004247322852905744
0.00019244616197067188,0.0002991969210269785
-0.002388967261428121,-0.002370704469080498
0.0006811099301637924,0.0006948709291102473
0.00721577142647245,0.007193243158356455
-0.0029810800085794398,-0.0029613119366597163
-0.005764605425476077,-0.005728052293473174
-0.007901115370403389,-0.007844627005138105
0.012941255274662389,0.012838241999868383
-0.0003423078312261296,-0.00033653314194215245
0.01697399477310846,0.016780254561132746
-0.009854668880470818,-0.009781600204038843
0.017768027971504452,0.017555334532080802
0.007556239615806426,0.007521853338932405
0.0025137317286825223,0.002514713912689426
0.019785003850883776,0.01952017407511686
0.01573217496850532,0.01556609020301536
0.003723811175780689,0.003719327866492317
0.011263267730257098,0.011180432452934208
0.02000458569041985,0.019733487495659285
-0.016988346135241805,-0.016783609871178773
0.013952919242481876,0.013823279760704632
0.036872868966662864,0.03595065062680092
0.012369958268807935,0.012268885490534731
0.035970257684760476,0.03509247009979155
0.0028973058112873318,0.002896675465320686
0.001786446345409587,0.0017893753620564778
0.0010085700759656646,0.0010130950847163644
0.0038902460579066656,0.0038847864459280457
0.009881563504953839,0.009818834909499752
0.01570528337860022,0.01553964664182661
-0.014275064263844506,-0.014128465052792305
0.01196517881197412,0.01187110403460323
0.005932260175792514,0.005913089110593073
0.012944002564823975,0.012833073967125297
-0.003574200770384728,-0.0035600617947660895
-0.0030519496688272696,-0.003040145589917498
0.0141445744037485,0.014011204505950725
-0.002596390084980804,-0.002586263025933566
0.011218594050109942,0.011136604581485687
0.0026963854801724807,0.002696830657052618
-0.006994411273478995,-0.006954869416483267
-0.009538451680225712,-0.009469724510178357
0.005141646300939051,0.005128767108737331
-0.0031914556131837912,-0.0031788456000861887
0.003423632444078173,0.0034210114826817017
0.010007871892501186,0.009943839746218042
0.0013334689726942628,0.0013378260506823336
-0.006250944659214497,-0.0062181719397865765
-0.010004655330464907,-0.009929487066908327
-0.0024791080359642947,-0.002469190312591185
-0.009445878620709891,-0.00937826118763152
0.006009544368866138,0.0059899744308954395
-0.002150731866032096,-0.0021419131621601695
0.0030826403866299756,0.0030815827067297574
0.007450935884389054,0.0074178415221054506
-0.006921929077551958,-0.006882845762879453
0.00854449797817658,0.00849932245568119
-0.0037150389231923597,-0.0036997323314108543
-0.0050285909826977004,-0.0050052502066649796
0.012795531866468757,0.012687601265681248
-0.002621045056171667,-0.002610614459907734
0.014708179775588803,0.014563958378596698
0.005669407543436478,0.005652604616431023
-0.00794625582330788,-0.0078967045463606
-0.003531299675955779,-0.003516969574146711
-0.0010449160258723111,-0.001038603711455477
-0.002680352615938908,-0.002669826818550658
0.011841477619152663,0.011749619948615897
0.004575732993006731,0.0045665635556843
0.0035017516430855267,0.0034985340790417707
0.021773289505545357,0.021451746672465855
0.004731930793915318,0.004721510503849724
0.004549364354752505,0.0045400024775154035
0.005178118061528458,0.005164400214233811
0.010533123165659575,0.010461009925775033
0.024309128544862446,0.02390728503397266
0.03084432919036484,0.030197347684914777
0.046507974109641026,0.04504713291938767
0.038842722622793424,0.03781933819462313
0.004378585831019244,0.0043692587509233105
0.017662766670933472,0.017451002510244673
0.022630141255826963,0.02228095853538814
0.041342368570592036,0.04018369077226225
0.05852037161285217,0.05622310747169379
0.021590709403922936,0.021272206692659057
0.022388115141373177,0.022045393886414355
0.025463780728030017,0.025020086766213256
0.06276168007382221,0.06012542367493967
0.009232066978404951,0.009174221610240063
0.027092094776500986,0.02658912108477096
0.032711570316349636,0.031980266043480365
0.05482607471113887,0.05280195914324526
0.0336893742133384,0.03291354019455628
0.025475059120051213,0.0250291280941094
0.0767238331887583,0.07281991294656442
0.05955446817958432,0.0571735041775171
0.03540200716559916,0.03454574889475637
0.006255868457925473,0.0062290207965042255
0.07503785758218928,0.07129938505587397
0.039929764670948664,0.0388440457995215
0.03246394817131115,0.031741934876702405
0.0965720106290906,0.09047222541204103
0.06454055490597188,0.06175242307843287
0.03610401747938763,0.035212151318378626
0.03679996659217899,0.03587375118451941
0.032935754499809455,0.032190936949754057
0.00986594302412147,0.009794988523108894
0.03348755345822507,0.03271953849343301
0.09719188152062497,0.09101568245398528
0.07120564272686014,0.06782794528249247
0.03422651854155845,0.03342317061767186
0.029224816058319725,0.028636529176919612
0.08383904221681959,0.07919811031154012
0.05670438302205838,0.05453859135518957
0.07522965245717739,0.07146907418893178
0.015079515460113768,0.014918294364059892
0.029603625765727948,0.02899876657917655
0.01314716873868349,0.013023376556228317
0.06748968841409209,0.06444515774352311
0.047939197459421656,0.046379253051034186
0.06972287166583602,0.06647806151182312
0.07611718261422595,0.07226803088433076
0.021899354929369785,0.021565220535534446
0.07575208140676626,0.07193988471389978
0.0594765436556246,0.057097458112084776
0.08808700677825598,0.08297769947200695
0.029046316974278952,0.028462304466083554
0.029847859273826494,0.029231592885680224
0.04860740163666222,0.04700471164657383
0.06883880346104476,0.06567359098013259
0.09716630403534232,0.09098986619318061
0.034932143305281826,0.03409340387443993
0.04621989017623385,0.04476627740241834
0.07543649495012517,0.07165424782467056
0.04718278470855708,0.045670162758351895
0.07371236323258756,0.07009599279729073
0.09166718327993273,0.08614721539087167
0.07158172037364086,0.06816591528416971
0.03646829170333987,0.03555492285979678
-0.009847207037620542,-0.009783623940240571
0.0873812995672214,0.08235553657293326
0.03607824060412579,0.03518853427224122
0.060493512077021805,0.058038101334542236
0.12567071912536854,0.11555575668147611
0.04293855254702894,0.041687679373322406
0.11803231489988875,0.10906154632407705
0.08502527902638413,0.08025966945555829
0.04895092268109913,0.04733007900414943
0.04379541832843792,0.04249171609997748
0.04896281972833538,0.047338884238462664
0.037266405088595356,0.03631636543715089
0.10694695571265456,0.09951824634444495
0.05899178714855058,0.05665014329551876
0.05054492395727017,0.0488164407540993
0.05379210696155745,0.05183788141288381
0.05512569842258497,0.053076258035143264
0.12914248864393763,0.11848147216178873
0.10193389172121048,0.09516259255596082
0.05752543572378066,0.055296973844021546
0.14212888164830417,0.12933668427422418
0.11044486736059334,0.10254498157332737
0.05142461161913303,0.049639429731698104
0.10964820174139867,0.10185776912750721
0.06736064010731191,0.06432877257123859
0.11940918193982508,0.11023249138235325
0.14909983099259438,0.13509052331409854
0.07091656115090572,0.06756616573257979
0.14040081993886044,0.12790192294628777
0.10913078157769185,0.10141118448483322
0.1330096829764269,0.12173367686961345
0.06115029427685936,0.05864028130121646
0.0683738774816911,0.06525119002269786
0.10776615151758318,0.10022970068989412
0.06980115450009183,0.06655047429503369
0.1527044271001614,0.13804793917857683
0.06878557621233927,0.06562784071779493
0.08172249554775046,0.07730514239663033
0.06958020311669166,0.06635224261938688
0.15541038565354892,0.14025900112471923
0.11759581073071157,0.10868334139169
0.07847573912020867,0.07439144405674092
0.11454850328891464,0.10607287912596852
0.0734403545042639,0.06985027736015936
0.066629521908248,0.06366282401664136
0.07444074781823051,0.07075676799897213
0.15802278450919616,0.14238543381912006
0.1256825521272269,0.11555859502145427
0.05343399257855008,0.051505652655199685
0.12415226150629,0.11426338885023657
0.15181745785319656,0.13731880651299366
0.11711304142149093,0.10826775525805832
0.12767891669462994,0.11724308682365592
0.10862090048239015,0.10096923921902234
0.06752447006762097,0.06447736366969437
0.10049064879274283,0.09390036752511743
0.06967681273484505,0.06643443616019418
0.060473464534255505,0.058012563809731854
0.06328528405424283,0.06059512389056099
0.066889183127814,0.06389829157282889
0.10944187404693828,0.10167649370278908
0.07443324973310883,0.07074869642817905
0.06585154712991237,0.06294825528613834
0.1323523631877066,0.12117791494330177
0.13281891326539252,0.1215679817023928
0.14098239375333765,0.12838660795265155
0.08148574560960853,0.0770946065905872
0.12967172123492254,0.11892705444010676
0.11082669014630664,0.10287139871236295
0.12627761069416987,0.11606178171175052
0.08652252935549143,0.08158462997826621
0.12800027147628068,0.11751331130255849
0.0850669464817404,0.08029084281716947
0.12986168570020062,0.11908378724720758
0.08682927359993453,0.08186408785209298
0.1326891767548526,0.12146431097193744
0.10878807481948716,0.10111079015888691
0.12983843971586495,0.1190663433837632
0.10370034052256649,0.0966962834688746
0.1208459612694579,0.11145094412597512
0.11151616621039562,0.10346207285391518
0.1261237029979263,0.11593022495066652
0.10839236109677852,0.10076474789418277
0.07437316716305986,0.07069172866590889
0.10659738287682252,0.09921397403738907
0.0793183596776803,0.07515167668318223
0.0893995832982899,0.08414299136089542
0.09378548281706323,0.08801735296489699
0.10072261816305872,0.09410224583260873
0.02661603729859152,0.026123828838270913
0.08521544499095413,0.08042193657226349
0.0958727009570266,0.089852255345506
0.05503789246423363,0.05299311821442643
0.07317387452026392,0.06960818940372071
0.04353075832886155,0.042238460375135456
0.05537618482626705,0.05330533514448088
0.032755832727963785,0.03201474696175122
0.027648773627894307,0.027117404752859176
0.023790432570993225,0.023394145621432716
0.015889566084210216,0.0157073337304946
0.021120375448715478,0.020805856713626336
0.013640465224442622,0.013504823513820763
-0.001328713131156789,-0.0013348126974755958
0.0033516002576385873,0.0033369078710520084
-0.016830302422389032,-0.01664066095348915
0.0027955763700244773,0.0027831670747192616
-0.007005094214716401,-0.006977414296852058
0.0009568373688990661,0.0009510757841492135
-0.011332413822680465,-0.011248476956526976
0.007015204418856058,0.006977646508889879
-0.011768993382304416,-0.011675422971871297
0.06068659607577054,0.05821577786609644
-0.012753706451422708,-0.012641284310282441
-0.02402854032129298,-0.02363023405221043
-0.00929717275167885,-0.009235492020635339
-0.021566713335641197,-0.021243207118118446
-0.004725420409463332,-0.004706985912731665
-0.009286942666808073,-0.009223867152614251
-0.0007189528897990627,-0.0007148690968473703
-0.009963976415487075,-0.009891423441280911
0.0032066118556253187,0.003202692649295069
-0.0008924880132195057,-0.0008883207323419073
-0.013834607463413917,-0.013698219042901028
0.0034741209924078476,0.0034680769117415577
-0.004308632638105436,-0.004293091761516377
0.018285839940253013,0.018057506582330407
0.0069458922865548445,0.006914715808103433
0.014595971673275976,0.014450994853066557
0.014024955371014336,0.013891143740088263
0.017578521076999643,0.017367118897989253
0.01063810859633385,0.010561947316439446
0.020602236333516544,0.020311709652400256
0.005506632941708389,0.005487588013448064
0.007922503716903506,0.007881093945762419
-0.000975942691737508,-0.0009731037589252312
0.0029584092129768536,0.0029543764911473813
-0.002898228867414865,-0.002890026358787101
-0.017575163465086696,-0.017358696631230797
-0.007151479999506272,-0.007113038637304503
-0.01983049548209781,-0.01955504164624966
-0.008457032183087243,-0.008403819842996652
-0.02102898380348961,-0.02071985133583809
-0.011068436547377658,-0.0109784468355133
-0.018878169097930275,-0.01862565300374286
-0.004699199477478544,-0.004674423712296094
-0.01669874723652498,-0.016495650702707754
-0.0320301684128248,-0.03131454216344498
-0.010334828882188063,-0.010257150793302583
-0.017681433901814536,-0.017461203459543495
0.004201437064312863,0.004193343493286927
-0.00971162115875046,-0.009641862255663658
0.006969584116565564,0.006938556628020787
-0.0025553673533398324,-0.002547720625962424
0.006525354376849535,0.006498761508715201
-0.0025404985894397214,-0.002532948756545861
0.0026552590321324843,0.0026539523190968195
-0.006326740268287168,-0.006295497829016061
-0.00925285775521445,-0.009189787949859363
-0.0008715712063462888,-0.0008670259742197262
-0.011650905616672702,-0.01155242739042539
-0.0022288905864504827,-0.0022209171473895895
-0.020310431832768927,-0.02002003916108397
-0.007391590449988605,-0.007349935047528011
-0.010003247699620132,-0.009929928807636768
0.0005068792691176327,0.0005107525369626442
-0.013217664291622633,-0.013091856803562618
0.0006604899002464748,0.000664054379345802
-0.005318110469229254,-0.005294023266356196
-0.018716474429502306,-0.01846864424108141
-0.004178756513709914,-0.004162894109029591
-0.004442566990817909,-0.004424660283061432
0.0033801522092904435,0.003374476561233908
-0.0081396664919966,-0.00809136201912708
0.010225241356471848,0.010155090324956428
0.009018675137872911,0.008964638096121358
0.015742207696280097,0.015572941129548101
0.012749428933141793,0.012639069459798757
0.018911069128439983,0.018666534622427622
0.009310113252151808,0.009252038029847642
0.027244757361441607,0.0267372726728351
0.012020368008337279,0.0119224941946382
-0.010748191702068866,-0.010665741411069019
-0.0020092650891481156,-0.002004182941298116
-0.004001956216320046,-0.003988168682287463
-0.00024690983758723917,-0.0002443323332902425
-0.01756786843192426,-0.017351608026513365
-0.009894182855854083,-0.00982248112247952
-0.016826958610892895,-0.016627308953839237
-0.00024365229920597642,-0.0002387689587682873
-0.01539514537144182,-0.015225027773458355
-0.004286243637600329,-0.0042690711606702125
-0.008130713275733115,-0.008080174558478537
0.05531269429759611,0.05325689318912186
0.0023262203043161733,0.0023260951999900525
0.06251292570230316,0.059899151170555665
0.0015388406194780657,0.0015414091153810316
0.00793846769697204,0.007898561301069473
0.01756444643575339,0.01735494174890817
0.005722372957170485,0.005703700083531937
0.017727450243167908,0.017513929416884788
0.018681140038525612,0.018443540656324475
0.028944185836969893,0.02837335092555715
0.028343869884670525,0.027796093175455172
0.02049497736926753,0.02020828353384807
0.015060835075842327,0.014907151283687692
0.015091457001950026,0.014936723691571063
0.01065176412224389,0.010575819471998815
0.008070395675167319,0.008028247756408535
0.0088194645548203,0.008768302623117452
0.0065305146436331896,0.006503612593086738
-0.0032564484635031477,-0.0032458325561651735
-0.017748227858443322,-0.01752667344325698
-0.01145879485972312,-0.011363507968288222
-0.018288332055737655,-0.018051124922432327
-0.016733497736749037,-0.01653615285008414
-0.038237639347510566,-0.03723540306746387
-0.020979969927493514,-0.020670220381704074
-0.007172887891214508,-0.007132462674000917
-0.025161269145526077,-0.024719338124835066
-0.010341741644545266,-0.010261786354548552
-0.013558780833351491,-0.013424673893060235
-0.006969350397921126,-0.006929420258522723
-0.01734025239826753,-0.017126050370969925
-0.006188464538862348,-0.006156714120079454
-0.01649887641900616,-0.01630451790413201
0.002377293556615534,0.0023771720466417845
-0.011326815623243114,-0.011233831839955077
-0.017587788052847664,-0.017368982954322765
-0.004247850329265113,-0.004230836421883599
0.05213871370249823,0.05030896233529247
0.013274284592512231,0.013157083952863746
-0.006920976992480732,-0.006883066669137183
0.018978479687645766,0.018734228061390357
0.012676248630159925,0.012569658481566992
0.020857204355577252,0.020561422863535905
0.005628817614314663,0.005611175869648544
0.01002837563918657,0.009962958575988945
0.03805917134005199,0.03707600027304003
0.02845888864094004,0.027907487952376964
0.014251629027321577,0.014115112695923027
0.02892087957950551,0.028350857085991943
0.02351268918901983,0.023135917392010152
0.03232871549332739,0.031617423375069786
0.021041496482481215,0.020739445467049644
0.021234823456240726,0.02092741894658523
0.024738316881412814,0.024320556788225534
0.02794205507962122,0.027409026195664654
0.032766662395685486,0.032035290932839966
0.028471449151109773,0.02791798414003377
0.025708616607176715,0.02525665153639245
0.026432003922783665,0.025954452911955417
0.023731599782738755,0.023346195919056956
0.032861217236787255,0.0321244443788683
0.03651754218151382,0.03560961520051531
0.0324694677457984,0.03174965838768784
0.03015307628006436,0.029531226791167486
0.0367609216808118,0.03584026760283432
0.03652115227886377,0.035611993805105935
0.03728646197933916,0.03633896371107681
0.04024486663943083,0.03914297375523812
0.2564224635495842,0.2180107078489968
0.176951411030414,0.1576039596617802
0.2177008144199295,0.18924100676446187
0.2450998884290998,0.2097129633094248
0.15401550316154378,0.13911368461613804
0.07355160232614935,0.069955418576777
0.08807306218239333,0.08296858269605778
0.030540572245931125,0.029903125768846905
0.023947543189747372,0.023554267401962647
-0.01689390446133096,-0.01669156206596334
-0.03507797869527238,-0.034229122476729046
-0.047345341898913346,-0.045824187912055336
-0.09334331947288074,-0.08761955953818212
-0.06622493491944834,-0.06327942693620958
-0.0890699167288724,-0.08384057582948667
-0.08478718997149734,-0.08003370295285261
-0.09918595767731528,-0.09275123239067984
-0.07811837982604494,-0.07406550814018953
-0.07077843028790884,-0.06743194547742348
-0.06131046678850602,-0.058784903456542636
-0.09504427457560524,-0.08911822858407348
-0.04781031500355201,-0.046258349466235416
