rear_left_wheel,rear_right_wheel
11.815255738914612,12.166690933345137
11.881242510550749,12.234584736249428
11.947242825123297,12.302474089531337
12.013247107357394,12.370368970419662
12.079266868828388,12.438261107719349
12.145278997483064,12.506171163822827
12.211308908767368,12.57407909624578
12.2773444126972,12.641992523602763
12.34325613389529,12.710019053151566
12.40915106988301,12.778062861830502
12.475089031019511,12.846080306590073
12.54103327285527,12.91410898141584
12.606976174546052,12.982158160840148
12.672926423947981,13.050213026276127
12.738913817245834,13.118246981346509
12.804901475091064,13.186295839511754
12.870892499287525,13.254357951746591
12.936886432698714,13.322427591232412
13.002908897620536,13.390479736183437
13.068932936413551,13.458539632445508
14.456022289179469,14.886738931821435
15.37904335847039,15.838900839292084
16.236889521755444,16.722853367703664
17.160417359856048,17.675806725865638
17.88537507675874,18.423661186454563
18.61074252303239,19.17119296908696
19.33550096927035,19.920342953665035
20.12698797714404,20.737524861000942
20.983561919082902,21.622164788805854
21.77310731459872,22.438891653571712
22.431692011716407,23.11938783021542
23.15630222835238,23.8688485626462
23.87967503867753,24.617961942754857
24.603401094975595,25.366511489368584
25.392594360282388,26.184342705296523
26.116169078299578,26.934528290820225
27.16850353058421,28.024955384754755
27.956285729341936,28.84315640269051
28.679156071659268,29.593008374178705
29.5332220095112,30.480202099570995
30.32033621974063,31.298440258857262
30.976907867423705,31.98003707091171
31.697977788592375,32.73112747985745
32.41953915153556,33.48223600576473
33.141794833500526,34.232745859332766
33.796035370607456,34.915561665359455
34.647817687851244,35.80316187404042
35.3693952913715,36.55456166792869
36.02355164561809,37.23782304347922
37.00558776394411,38.26174985194675
37.65987326843919,38.945297163491965
38.37963702417382,39.69736315614818
39.165610457525716,40.51734429494593
39.81955892929584,41.20119584268116
40.47362015814676,41.884864521206985
41.25898344105319,42.704680856118735
41.912977148585334,43.38810941806045
42.63190887924581,44.13994952374077
43.22065418865314,44.75484155771676
43.93981737477727,45.50615032345006
44.65843049885242,46.25774292935873
45.57380651438259,47.21423968584459
46.2925326263177,47.965619774590486
46.94589944793473,48.64883478150366
47.665558377009866,49.399933776843184
48.31961467166143,50.08320009607357
49.038785063944225,50.83463335460935
49.693464860691776,51.51754227297239
50.413050380596616,52.26850897370201
51.19828283704253,53.08821605221861
51.91876270219606,53.83897373010164
52.57300439498638,54.52119695400475
53.29260833136678,55.27144243064983
54.20963965356094,56.225722575917146
54.8645393833945,56.90806701370912
55.52044458968155,57.59091168861969
56.17616016019997,58.27249150452343
56.831823575842705,58.95412805568196
57.48802146194887,59.63632244829123
58.210779451154906,60.38646018177661
58.93376386338152,61.13657504887817
59.65502738815459,61.88535669628616
60.44329696051917,62.70203277370473
61.03477544203403,63.315042854924364
61.82374361949652,64.13259314557291
62.81025615283792,65.15266435191361
63.4024840190616,65.76501677441632
64.06095036174658,66.4455131338065
64.7199662352289,67.12578273531906
65.50977929356645,67.94091866638863
66.16804615954149,68.62035495411224
66.82786160481365,69.29998513961262
67.48813389686045,69.98012446788857
68.14838015816895,70.65984478955446
68.21437683220182,70.7277273550283
68.28032673223703,70.7956450954666
68.80820397030772,71.33860901261204
69.53489470917232,72.0852391125063
70.19583298962613,72.76440294032523
70.92336550565015,73.51157108186746
71.51873596923183,74.12235375870262
72.51090037781528,75.14005538260932
73.17307124834427,75.81871197580527
73.90160720469045,76.56550327851802
74.56391785812431,77.24358545994757
75.22565013751456,77.92076628648233
75.88818236635042,78.59768274449148
76.55190533603268,79.27594899359836
77.28204872653862,80.02172063383419
78.01163413061624,80.76619139717798
78.60837282991389,81.37534050998234
79.3391007929234,82.12024496670466
80.00403698071044,82.79766952377452
80.93385999675927,83.74502747959824
81.59816223633436,84.421173602714
82.26326137393366,85.09762306174844
82.99556018055107,85.8420831609308
83.72772365003121,86.58577944580513
84.52589860327,87.39600029209946
85.25790957649954,88.13929036700513
85.99099270363052,88.88303172552679
86.79059913568945,89.69375897645367
87.52267154872904,90.43628813532682
88.32217310531621,91.24622196953311
89.1226294835406,92.05693116146048
90.05616156273358,93.0019815732245
90.78939970152042,93.743395231236
91.38954351086055,94.35047324845101
92.05711987113659,95.02551733825129
92.72467597528413,95.7005528304468
92.79145863925916,95.76795714497699
92.85810563798563,95.83547868913685
92.9248831761838,95.90286174335179
92.99167972121091,95.97021325143461
93.3917463035248,96.37467944315644
93.4583774453786,96.44211184739409
94.05906155462937,97.04827207406586
94.8603762607627,97.85743325269266
95.66268275497055,98.66659825503004
96.39797780812543,99.40712628322171
97.06593950846705,100.07998696095827
97.73427572938257,100.75327380355645
98.67094609187873,101.6965148415045
99.33973147426329,102.3697847872525
100.07492981258515,103.10972040120777
100.81062213833673,103.8499624280892
101.48010279645727,104.52337795335643
102.21651982018186,105.26389472200354
102.8853335617607,105.93630250922995
103.55416931665093,106.60852228496987
104.22359703978874,107.28119109911322
104.96043370307102,108.02150765639844
105.62999660095566,108.69397579587418
106.36610317176456,109.4331100545296
107.3704975998977,110.44177680137093
108.04085936725826,111.1144395186826
108.77776541341774,111.85383732434782
109.44716862827543,112.52548103685977
110.11691360632315,113.19725700559292
110.8542055368172,113.93679993603335
111.5916124272065,114.67624556029456
112.32841272525087,115.41498847587107
113.0653527146089,116.15362782080354
113.8028497567443,116.89285349892636
114.60767878425526,117.69932468965226
115.27780494849645,118.3708302127902
116.35005486102001,119.44480886083431
117.15510677950286,120.25077291187473
118.02659540819795,121.12438686447827
118.83119265534032,121.9293798441417
119.63531064997201,122.73533528068987
120.44055980061269,123.54126094557577
121.1784384618199,124.27992601325727
121.98288551698596,125.0851446265616
122.72043305017219,125.82346804898766
123.45850977375616,126.5621287884379
124.19650837138613,127.30074644800699
124.93407150234492,128.03882252137748
125.94001686765091,129.0453620383356
126.67819066717892,129.78393661859067
127.41626037850317,130.52239115564038
128.2209611489266,131.3274290110028
128.95878477923586,132.06543988753606
129.69700216514073,132.80386225943587
130.43525498872742,133.5422483814207
131.17296197264992,134.2802650336138
131.97796747777713,135.0851362608988
132.649120719564,135.7562400039536
133.454588434296,136.5617325902192
134.4609071414662,137.56785777252531
135.2659840621463,138.372822268139
136.00441599639365,139.1110036826773
136.74261737259215,139.84937889999802
137.48047493973974,140.58728642614972
138.28539725128806,141.39231580462962
139.09078560071737,142.19767817072926
139.7619730581703,142.86887882934653
140.56699560455806,143.67390152456585
141.43893109813473,144.5460983553525
142.17723006259382,145.28427582771243
142.91558649306162,146.02252041658227
143.85453486183067,146.96188315378708
144.59268617194394,147.6995833594807
145.33037316264597,148.43830856561473
146.0684589178551,149.17675813645826
146.80627404329385,149.9148080648208
147.54430184353293,150.6525637890796
148.2152082065543,151.32373882496006
148.95338853988417,152.06215207835137
149.62435373718765,152.7331450551175
150.42931431512997,153.53807987994603
151.2345529697946,154.343163894856
151.97325531820766,155.0810533712748
152.9798780396945,156.08737087041223
153.71766950435244,156.82536398540805
154.3890189050224,157.49600939949192
155.1946059312201,158.30121778865484
155.93271412253358,159.0393029638318
156.60359815736905,159.71005299723265
157.34172047114387,160.44798327627112
158.08001691750658,161.18617907341283
158.81810488458345,161.92446331704775
159.5562728160793,162.662171110021
160.29436412888728,163.40003511884782
161.03271654123665,164.13807327800043
161.7710189913175,164.87623452700598
162.44198369750566,165.5470936269382
163.51546170523034,166.62043169969223
164.25341215267017,167.3588813105214
164.92453534397808,168.0299433706232
165.66251174087662,168.76792558795978
166.40075171367928,169.5055864706436
167.1388568531984,170.2437462079427
167.81004205035936,170.91481933997318
168.54821841423436,171.6528005786294
169.28623212222055,172.39066061198375
170.02435413756425,173.12867809543968
170.69539604117853,173.79983596112467
171.43348151442328,174.5380296889157
172.1714188856227,175.2760195298231
173.11094212775828,176.21512751507282
173.9164267100596,177.0202880560444
174.65443567772542,177.75854000287197
175.4593114296102,178.56374501159036
176.19733768651304,179.30180518829613
177.0027694541977,180.10698833421202
177.67380139943205,180.77804801885898
178.4115627528775,181.5162445923013
179.14941398891264,182.2543932724425
179.88765549630668,182.99247217206872
180.6258493329379,183.7306518379902
181.43046189811528,184.5362294620749
182.16862509166123,185.27403682496964
183.17523951791236,186.28057447659444
183.91336188815026,187.01876819280756
184.65138033665067,187.75674938757106
185.32229313963282,188.42766740805413
186.12754872491766,189.23290143437438
186.865735291092,189.97107190188876
187.60380137117755,190.70907332109488
188.34176168221308,191.44710436304007
189.146953999113,192.25234861148658
189.88513017779786,192.9905393345873
190.55609802067053,193.661516640766
191.2940331807475,194.3995644600444
191.96498249635752,195.070563396357
193.0386522176049,196.14429877391595
193.77668973313746,196.88238366771697
194.514625920163,197.62044779390524
195.25269118883017,198.35856364472997
195.99089943784628,199.0967027278382
196.7291360249051,199.83466656473448
197.4670672645079,200.57274290133506
198.33878684542614,201.44554333361333
199.07708567976616,202.18357069534215
199.8820620757093,202.98894444001743
200.61987562907697,203.72712363944794
201.42485827084735,204.53245499489628
202.16317060430342,205.27046221556432
203.1696681832689,206.27693753559103
203.9077397092876,207.01487590868913
204.64591296529684,207.75287500810654
205.38407627376867,208.49101955951437
206.12223902272297,209.22904720963763
206.86008019546836,209.9672222879329
207.59812761258618,210.7052869416341
208.40333059897182,211.51058966589122
209.40975688570555,212.51715321145366
210.2147758613145,213.32235613125977
211.02011524029666,214.12739867696834
211.82537521925838,214.93265240293883
212.89890614967368,216.00620343462575
213.63684882010702,216.7443417870141
214.37497535838213,217.48245489833474
215.1130347159429,218.22068224709963
215.9181477943418,219.02587409896805
216.72324009370467,219.83104608803148
217.4613374510295,220.56917275227653
218.1994410542678,221.30735310450513
218.93749767646122,222.0454313664225
219.7425603285135,222.850626099656
220.48059470595996,223.58878882202708
221.35292988474595,224.46114481475436
222.49359806649923,225.60173699510406
223.29883370573404,226.4068131725718
224.03706209086096,227.14483718802225
224.7750971128528,227.88303594567392
225.58016346001108,228.6882474207725
226.31817686081465,229.42635104868822
227.123379469684,230.23159766858927
227.92867928915027,231.03673768955784
228.66660496036343,231.7749064219165
229.40475323906813,232.51286861181526
230.1429152749953,233.25093872802307
230.94819945568534,234.0561060107814
232.02152662886112,235.12983479637597
232.7593368845598,235.86815099697452
233.6984568292881,236.8078862333704
234.4363809648945,237.54612236914187
235.24137290468252,238.35137008946884
235.97905019049273,239.08979675131124
236.784344868223,239.8949397612171
237.52260035543696,240.6328716283703
238.2604380614038,241.37107828137073
239.13274286611406,242.24331612044185
240.0041206474776,243.11648199916596
240.80917952201898,243.92177109095132
241.88255759035832,244.99542589611056
242.68766590592156,245.80071029229592
243.42557692783595,246.53902018573993
244.23059818309213,247.3443121162254
245.03570958970138,248.14946195947746
245.8407259037936,248.95483152832253
246.57881408809234,249.69298376039282
247.45082744452588,250.5654609310014
248.25628056462537,251.37031727683672
249.06164644603314,252.17537899218155
249.79982496380998,252.91343180672285
250.60506196646017,253.71850896018188
251.3431261373416,254.45656748198365
252.41679853828933,255.53013006624164
253.154894756259,256.26823542725504
253.89300926061134,257.00623118764287
254.63118277335397,257.74420078057835
255.4363978565223,258.5494135697028
256.241603394604,259.35461728966897
257.04642755577163,260.16007352023587
257.78478404728133,260.89785808980025
258.590169730055,261.7028973453755
259.3953892161874,262.5080863964455
260.1334970586909,263.2461012099083
260.8716424527493,263.984092068339
261.81091050014885,264.92364787394393
262.548753955418,265.66199101622897
263.28660440583286,266.4002481278376
264.09145037638365,267.2057270337333
264.82943794003245,267.94395554349063
265.6345635903485,268.74923803607584
266.37246192175456,269.4874635693349
267.1773710839252,270.29288940121256
267.9818252774275,271.0988244614832
268.78692705231947,271.9041231235062
269.5246239403371,272.6425354191009
270.32955581132677,273.44793363792814
271.40292402230085,274.52178985035926
272.14074794267196,275.26013041725304
272.9456514246571,276.0655203766286
273.6836455078179,276.8036857436182
274.48861123370295,277.609143983679
275.2935024974905,278.4146280774077
276.031293634017,279.15295705950604
276.83624022533763,279.95837106145706
277.573805137102,280.6969982454258
278.3785656474729,281.5026131267104
279.3169146516047,282.4429457017738
280.18903533268553,283.31538635855924
281.3293744942565,284.4564387820379
282.0671783575073,285.1947639140642
282.8050511765211,285.9330306024882
283.6099992115805,286.7384861697907
284.4149421103187,287.5439485945697
285.1527186353353,288.28230660845645
285.95758584861534,289.0877741184001
286.76250278179793,289.89325959714887
287.5673968513363,290.69876683702296
288.30526757430727,291.43703064485584
289.1101664116378,292.24246824273064
289.8480011488288,292.98083429171066
290.92124028870063,294.0547847082064
291.72612830054226,294.86021917462944
292.53095250918136,295.66573689323724
293.26896626837373,296.40393660066496
294.07387731359023,297.20940593585414
294.87877056680475,298.0148365486101
295.6836953215364,298.8202725416895
296.42155844279455,299.55862129465595
297.22650669351833,300.3640536347722
298.03141131006436,301.16947495494475
298.83637570048353,301.9748734646757
299.64134887766375,302.78031110439815
300.7817331359002,303.92126772917436
301.58671460535845,304.7266242530192
302.39171912519157,305.53201331887675
303.26373784794896,306.4045937558937
304.0682572008796,307.2103966350946
304.87333779218386,308.01566425387887
305.74536335897375,308.88823141040734
306.61769913876645,309.7604560215329
307.4227288122907,310.5657598329873
308.1606946357421,311.3039576585342
308.9654575513493,312.1095738540334
309.7702831722994,312.91512141467393
310.8436360531316,313.9888710529869
311.6488866377964,314.79400389773724
312.453394822473,315.59987329283956
313.19140895736786,316.33799786714786
314.1298647894085,317.2782355504262
315.0018748484351,318.15080634630436
315.9413492377893,319.0901148160297
316.74628380117105,319.89551730542513
317.68544025369505,320.8351134040364
318.49043866368254,321.64051968125506
319.4295742728263,322.5801451807918
320.4354808568599,323.58715160078117
321.3744636878368,324.5269521819835
322.5151677750205,325.66761171845934
323.32012468396516,326.4729920621182
324.2592717794153,327.41261888785266
325.13106786607085,328.28541630302396
325.9361037929528,329.0907278857479
326.6069771321143,329.76180448215234
327.41203969427823,330.56712361137676
328.1501799733922,331.30518614582724
329.02238854966515,332.17753485110444
329.69311319537354,332.8487612943828
330.43089721345183,333.58715043664796
331.2358221982208,334.39262355004166
332.2419122062406,335.3994761814008
333.04668191940533,336.20504020475335
333.78448702596756,336.9434226409298
334.5223309952764,337.68177447825315
335.2601044822701,338.42015764578963
335.93083407647794,339.09137903946777
336.6015819741381,339.76260847438624
337.27231722318305,340.4338711429667
337.943064162125,341.10510589488325
338.6137612894641,341.77636072865135
339.2844578514685,342.44762139992605
340.02230892001296,343.18595542944405
340.9612883055503,344.12576388734084
341.63195336740205,344.7970557712215
342.369704844347,345.5354556179569
343.1074589893805,346.2738833873867
343.91225716935,347.07947781033175
344.71702353225845,347.885066124725
345.5217498753808,348.6906879635312
346.2594098479416,349.429209991161
346.9971357712247,350.1676764550847
347.73474221433486,350.9062326400143
348.405341719057,351.57758664266436
349.14300612159,352.31609281902627
349.88056415482555,353.0547265756571
350.5511094521901,353.72615906561845
351.55674324349064,354.7334444683101
352.29450652554976,355.4718486856642
352.9650208078085,356.14332673693207
353.70259329953046,356.88193077479445
354.4400595667356,357.6206134979101
355.1105042391187,358.2921314950143
355.8480660262918,359.03075474775153
356.5855407891088,359.7694654263979
357.32306590079446,360.50809469822786
358.06058655064373,361.2467284070071
358.7981040700274,361.9853896825472
359.53556386501356,362.7241190292754
360.2057493207802,363.39589417154133
361.14460000465897,364.3357753610528
361.8150465638313,365.0073076874033
362.5525141534798,365.7460300138327
363.22289567449025,366.41761941612697
363.96028159315966,367.15638079146385
364.764707001548,367.96231705760187
365.50214569967875,368.70106736400555
366.23954774194453,369.43984044597613
366.976962244027,370.1785744998557
367.91516134888934,371.1191113221177
368.78629423293376,371.9925458773128
369.6579895832285,372.86540498533753
370.39549311174443,373.60404920639473
371.4009861204517,374.6115213001763
372.071280303797,375.2832172006039
372.7415721531799,375.95489102694734
373.4118681304756,376.626544576558
374.282583084772,377.5003477975838
375.02021357118394,378.2389034523278
375.7574736608749,378.9778113864477
376.4945767843798,379.716850265381
377.231724773498,380.455861026292
378.035821148114,381.262149564735
378.77281551630347,382.00132832510786
379.5098055382656,382.7404777452985
380.1797179912283,383.4125179023128
380.8494750891058,384.0847381559009
381.8541091033836,385.0930687373572
382.52370129089724,385.7654131656516
383.26017939044266,386.50506951217324
383.92976473647184,387.17745797593875
384.5992681213439,387.8499383090162
385.33540260718087,388.5899386467653
386.0716073305782,389.3298458469191
386.9414275509915,390.20456225982315
387.67730078276264,390.9448514866631
388.4132591736454,391.685019501503
389.08193467534386,392.3582298132414
389.88421039285817,393.16625943506017
390.61980810873,393.90683908386296
391.6222613391956,394.9172435325468
392.3572664609386,395.65826023932283
393.09235372408415,396.3992760963844
393.8268311580549,397.14094997629957
394.5613469458771,397.8824918143915
395.36262256099013,398.6913196384788
396.0968248408962,399.43312623732817
396.83094116126125,400.1751697697016
397.5651071425358,400.9170610056819
398.23171313486824,401.59202798998723
398.96516233464126,402.3343834371711
399.8321710583698,403.2118970493214
400.63171765071763,404.02250331654363
401.69780207679236,405.1025630826683
402.4967667408321,405.91355363232714
403.22947773598185,406.65707768060025
404.0284031103887,407.4678653700027
404.8265536385315,408.27864501236496
405.4920600001327,408.954575145588
406.2246775037979,409.6983935154754
406.95609804271174,410.442644305363
407.62099379218546,411.11840880761616
408.3524394644414,411.8621741452609
409.017221679646,412.53937235718536
409.74881602309597,413.2839516920951
410.6786970576435,414.23083542819427
411.4751423389919,415.0430663055511
412.20628275505027,415.78814577285027
412.9369856965393,416.5335614143604
413.66602544753215,417.2789574193998
414.39622907778534,418.023647527989
415.12639450497556,418.7692278518394
415.789930264985,419.4472618521216
416.58601298108664,420.26001706627204
417.3811396982242,421.0729642113865
418.1767329512176,421.88674521279466
418.83991610295965,422.5650786831761
419.8334772831682,423.5821327603682
420.56222570162856,424.3282619855544
421.2248884140693,425.0065091005334
421.8870186300571,425.68562493799834
422.5492178050778,426.36387580472046
423.2113211688601,427.0414560677925
423.8729812925586,427.7199652890784
424.6012602088531,428.4667634380845
425.39614099255704,429.28091763547025
426.0568628324826,429.9592998905502
426.71790634490407,430.63715895799334
427.37980200159694,431.315647682591
428.3061931355315,432.2667099152235
429.03359558425785,433.01309904304435
429.7610873096471,433.75927877823574
430.5539759588428,434.5747839272749
431.28158432708915,435.32210092829087
431.94286811696753,436.0007473479897
432.66873256127354,436.74762309044974
433.39551193352514,437.49489162840285
434.0569553305664,438.17437793559054
434.7834277969752,438.92224265536396
435.44369822210564,439.60139141621676
436.49966577271505,440.6885836288914
437.29189580517226,441.5048410703498
438.08475193319236,442.3203075063786
438.74417087207803,443.00021706165546
439.46907113336914,443.7486927638587
440.12920008423174,444.428864521235
440.9863043562027,445.31366677102636
441.7114006302576,446.0617665594244
442.50304271453393,446.87737501465284
443.2938569884347,447.6942862922461
444.01933142824385,448.44266190712597
445.0739392642764,449.5312931528732
445.86422171817355,450.348379175205
446.7204980516615,451.23353081895954
447.3789560114785,451.9144604317046
448.1030159772844,452.66329292231876
448.8275608962063,453.41180909411173
449.535837493588,454.11073505121726
450.27669513155416,454.88572317819705
450.97214118966053,455.5998622057432
451.6931614746769,456.35176005357795
452.41414152104323,457.1036274683769
453.13557181627266,457.8545678565415
454.11690753057184,458.87961694996693
454.8368883539866,459.63152697816685
455.5568625794967,460.38303068805044
456.2760832377328,461.13463870064277
456.99635919374214,461.8858707056162
457.6507738531559,462.5694923126845
458.36979092936843,463.32158870164415
459.0898466575785,464.07247794638903
459.8748169895476,464.8927324455285
460.5940800400654,465.645070334173
461.3795134199217,466.46474911873327
462.0974767792602,467.2168553134089
463.0124891109292,468.1740975650566
463.73169205701674,468.92666278057504
464.5144135309162,469.74754513232403
465.23250456178357,470.49893239090267
465.9507002224088,471.25159104466877
466.6682121622813,472.00518219992574
467.45151239914946,472.82593600818916
468.16757972827753,473.57888643013314
468.884311440714,474.33200294467525
469.6671141346768,475.15394836724715
470.38289863639415,475.9077932238075
471.1623861828065,476.7295150786146
472.140101313727,477.7575090512671
472.8555573886756,478.5123050873444
473.63632158728007,479.33402962344053
474.3496909125563,480.08840429801984
475.0637838973601,480.84263907743167
475.7790999577959,481.59731711713215
476.4919726791216,482.35226715068063
477.2043619114364,483.10570787387314
477.9170087869177,483.8601260863778
478.629429540846,484.6163762911903
479.3423159476478,485.37178783123363
480.2479541692562,486.3338671100899
480.95884773970414,487.0892651885275
481.60648435366534,487.7763110580984
482.381294705351,488.60266932476617
483.21976727164775,489.4952371588109
483.99281869555773,490.3206446021904
484.70187882593774,491.078052394898
485.34661573854805,491.7655085733899
486.05479180978085,492.5226811781447
486.82550158317724,493.3478848450763
487.4693504526322,494.0353952081242
488.4948568478364,495.13682251593406
489.2645449132946,495.9610337964075
489.96954039504584,496.71840591667706
490.6749103474094,497.4767248513107
491.4451122230222,498.3030907860917
492.14823644313987,499.0601425637745
492.9802728645618,499.95449438873675
493.7493182056473,500.78232177884854
494.4527048453431,501.5404367889388
495.2212116068476,502.36588564324
495.98941527109827,503.1927088933344
496.95015631951065,504.22620953229745
497.5911992821881,504.91523990906154
498.29403539231845,505.67272479048376
498.99867758919385,506.42972632875234
499.6402455782928,507.1188106657883
500.4086595210024,507.9456707533532
501.1143585290072,508.7026264703387
501.82043260041803,509.46019658292107
502.5258087703384,510.21764613506946
503.2329194923034,510.9745041031899
503.8756891531173,511.66279207742843
504.83941258080205,512.6946753338282
505.5477655016393,513.4512049726396
506.1919427813472,514.1390470030881
506.9007721366066,514.8953521849342
507.611082075535,515.6513074672582
508.32079436273824,516.4074707423714
509.09552610095557,517.2313983711458
509.8069420820771,517.9870206782741
510.5190327756139,518.7425153030711
511.55548193073105,519.8402155806317
512.2688642406671,520.5941788781889
512.9829177400926,521.3486302579596
513.6979934330257,522.1029743799279
514.5429699354804,522.9933332122553
515.2583077606595,523.7461214306389
516.1059958651276,524.6364851725771
516.8890229514459,525.4583562088475
517.606701274304,526.2104575130021
518.3904358470975,527.0299463450697
519.437322199009,528.1239248787824
520.1578258563928,528.8754397961318
520.9436698493668,529.6936449524785
521.6648223418093,530.4438124726436
522.3877173679533,531.1949066955827
523.1110579251759,531.9455635240266
523.8337950576348,532.6947159388018
524.4913328100137,533.375194204108
525.2159747886362,534.1242998296211
526.2051105572551,535.1459612275818
526.9301942030553,535.8935340556303
527.6559952813454,536.6409307058143
528.316975818101,537.3209025769366
529.0448514016746,538.0690082912473
529.7722426391949,538.8158126953347
530.4994640277382,539.5614585733969
531.1614693143781,540.2396402847968
531.8905772502764,540.986078640852
532.6862265033527,541.7996779440473
533.614128456384,542.7473325979039
534.3444111704496,543.4923443898115
535.2083601092895,544.3729671746939
535.9391485731359,545.1171449715752
536.6700374584842,545.8606342720739
537.4682957944275,546.6718902066824
538.2006871355118,547.4160438659966
538.9996118296586,548.2268004606307
539.7986079397998,549.0367607704112
540.8652193812442,550.1171741308714
541.732609457314,550.9949601420888
542.4661433064308,551.7366712258181
543.2665715834028,552.5455086989076
544.0680447812593,553.3546373696995
544.8029757633083,554.0964688499241
545.6043427250866,554.9047374702998
546.2723313193108,555.5779968465573
547.0077436155466,556.3189455615707
547.7436993054705,557.0599750499821
548.6798503701866,558.002071281234
549.4822025640095,558.8092178157578
550.1515806289444,559.4820027298389
550.8882667082817,560.2222556173542
551.6913952783841,561.0292111826792
552.494600428841,561.8355702577601
553.2985025540848,562.6423144237917
554.1028956110367,563.4491593909781
554.9068652179202,564.2551784803464
555.9117131554837,565.262488013451
556.7165087424027,566.0686468428962
557.5213910523902,566.8747106265839
558.3925900202233,567.7472984429405
559.2644473222291,568.6197808840718
560.0697698608512,569.4256549842397
560.9419150622214,570.2982482463149
561.8804353132109,571.2375878287038
562.6857786218027,572.0427820192604
563.4916289355095,572.8481046399833
564.4980931417506,573.8540710325575
565.2362181866271,574.5915948285193
565.9749185388162,575.3295114415655
566.7809193760012,576.1346414128495
567.5192154387187,576.8720766755887
568.1903866715784,577.5422696713371
568.996262051657,578.3469802274142
569.668170469212,579.0177657479601
570.4069282799205,579.7551630994896
571.4138590502981,580.7603226326853
572.2199955566776,581.5649448962689
572.9592802281346,582.3026037933578
573.6979500064894,583.0398449347746
574.5036870908845,583.8437426725642
575.2427240566776,584.5810703950737
575.9820510172693,585.3186983439608
576.7209875533996,586.0558751167368
577.5267386603128,586.8597213157469
578.2657691892074,587.5969433119615
579.2740584105237,588.6026380395035
580.0800411210272,589.4066534318663
580.8187250138335,590.1434939696092
581.625145107625,590.9477332331423
582.4317365678861,591.7523143494435
583.1706181797506,592.4892868108784
583.9093910535507,593.2260247375318
584.715753745899,594.0303072195176
585.4551881753829,594.7678605493106
586.3956269450349,595.7058561329843
587.2015173486506,596.5096864833449
587.9407653038472,597.246952759831
588.6801488072109,597.9845000602339
589.419002115252,598.7215656338611
590.1576663926198,599.4583843750712
590.8967690375895,600.1956103427026
591.636191909144,600.933198410015
592.4423794378152,601.7373975139449
593.3151773017794,602.6083277921668
594.2559417477175,603.5466289570905
595.0625363595617,604.3511820568303
595.7341543151148,605.0212173229761
596.5399327227517,605.8251048918315
597.2789848600911,606.5625123294121
598.0183130580706,607.3001958311501
598.7571416099936,608.037451491457
599.4956707238645,608.7743461211606
600.2345233762253,609.5116285226328
601.2425574901036,610.5175501798137
601.981258958365,611.2547958603143
602.71971441261,611.9918102706578
603.5258055421066,612.7962856641046
604.4663420001889,613.7354945240671
605.2721613429666,614.5396222166972
606.0106285208161,615.2766996791315
606.749522589069,616.0142410002306
607.4214504407325,616.6850101299577
608.1601581004234,617.4224346704543
609.0998824964141,618.360627680885
609.7715575027761,619.0311196702531
610.5107048150139,619.768982198371
611.2494065731636,620.5065135976429
611.9876655562698,621.2436752094418
612.7262801927137,621.9810781833319
613.4652421019116,622.718989373354
614.2711609112723,623.5237728138703
615.0764125871069,624.3281109443075
616.1507981686163,625.4009613763377
616.8226461600757,626.0718541797912
617.6283414993269,626.8764840916219
618.3665407564861,627.61371570672
619.1051219561084,628.3512731658425
619.8440766791852,629.0892345291459
620.5826821302053,629.8270159155177
621.3879465248419,630.6313325358728
622.1264345716176,631.3688712060589
622.8653215522696,632.1068963854538
623.8724661659661,633.1129660284178
624.5434492830626,633.7832614892862
625.2818158440039,634.520883774887
625.9534612034817,635.1918157469316
626.7592667677095,635.9968395881075
627.497330443188,636.7342764032204
628.1684380243255,637.4047601382922
628.9071750100834,638.1427021888003
629.578847109749,638.8136897132415
630.2500450689114,639.4842332251253
631.1894084170317,640.4228009500904
631.8608144512679,641.0935942393332
632.5996464124935,641.8317043588798
633.3379577333175,642.5694538618106
634.0088740330541,643.2398082279083
634.7472784208031,643.9775026949652
635.4189757421085,644.6484880301649
636.1575486701008,645.3865431118166
636.9627011092844,646.1910137872269
637.7009618450985,646.9285412126549
638.7081751456918,647.9351347237815
639.5138713641442,648.7399694625968
640.2517874757533,649.4774768817715
640.9902064041961,650.2150916765721
641.796233204297,651.0202741526944
642.4677250279155,651.6910985125547
643.3400047210213,652.5625641942695
644.0111955424707,653.2330644271294
644.7499599632455,653.9710508590871
645.5557574253934,654.7761736435873
646.2267815255301,655.4465643185407
647.2334322717095,656.4524055527295
648.0393426943155,657.257677535769
648.7779424534998,657.9956302121366
649.4489036684488,658.6660116973666
650.1871017288574,659.403507239143
650.8586226100598,660.0743510321289
651.5973889676468,660.8124744509522
652.4026971967766,661.6171231637846
653.0736736103652,662.2875174105684
653.8122001261607,663.0253804666362
654.7524559397083,663.9648729416234
655.4235292705902,664.6354840450161
656.0944515104262,665.305840482033
656.8328377061522,666.0435954013143
657.5044252676898,666.7146650593129
658.1757786266653,667.3856042999162
658.9137544532203,668.1231113749405
659.5847440564982,668.793693900755
660.3905749028625,669.598827398715
661.0620842355327,670.2699498407894
662.0685311132344,671.275736340588
662.7395012665268,671.9462880086505
663.4108776704475,672.6172468557307
664.1495093675517,673.3555160992664
664.8205068417647,674.026228613111
665.5584251257849,674.7637231208889
666.22961514054,675.4345338130496
666.9011539700301,676.1057290872925
667.6395739079169,676.8439058070547
668.3774309359139,677.5814740807085
669.2497016297765,678.45338995565
669.9882984372076,679.1916630719834
670.793645317696,679.9971264702352
671.4644443451475,680.6677003820256
672.202518263394,681.4053895788168
672.9410474088029,682.1435856353913
673.6125684901565,682.8146939916179
674.350631308793,683.5524409479026
675.0884898900335,684.2900787230317
675.8267878585108,685.0281074115655
676.7666599802495,685.9678777304479
677.5046076237456,686.705711251124
678.242306720264,687.4435274341067
678.9804596350488,688.1817843438057
679.7188729377053,688.9203609344444
680.4568161790195,689.65851316251
681.1273269465268,690.3292901196133
681.9993980113159,691.2017098119607
682.7376994477316,691.9403264210645
683.4757228402233,692.6786313008662
684.2132575114613,693.4165909920615
685.0852276377768,694.2890743420065
685.890393030657,695.0950779537691
686.5611621683198,695.7664585341735
687.2986830631895,696.5044430227462
688.1034015010574,697.309837612489
688.8415052166599,698.0484972930674
689.6466272180998,698.8541426021692
690.3841169303839,699.5922232324697
691.1218273400073,700.3303781345397
691.9269206701149,701.1362116091875
692.8661006222572,702.0761729498794
693.6706207460207,702.8813624972373
694.4754145258526,703.6868166316917
695.2133964448678,704.4255951478505
695.8841876384273,705.0970412193235
696.6885526733519,705.9024413541092
697.3590361238919,706.5736504918519
698.096973706673,707.3122862214815
698.7679054581167,707.9838165663838
699.5724056939266,708.7893163649935
700.5111605861537,709.7288423618471
701.3833119572553,710.6017862729675
702.12118640835,711.3404257885587
702.7917226614682,712.0114345480429
703.5291826378444,712.7497395033271
704.2670369222762,713.4883469398438
705.0049773561324,714.2271143628122
705.7424217203369,714.9655928291785
706.4797850709443,715.7038896253314
707.1503785673799,716.3753349453556
708.1565165243167,717.3828486930039
708.8269130974987,718.0542202301662
709.5641716814446,718.792609523617
710.2346261951883,719.4641388262361
710.9724116566753,720.2030527235588
711.7099154032078,720.9418463419995
712.5810208762657,721.8146822780923
713.3183715155541,722.553423637353
714.1900857349113,723.4268652686038
715.0613480771173,724.3000987736161
716.1334300433144,725.3745508506697
716.9377644320479,726.1809226784895
717.7421319936968,726.9873326090689
718.479058989089,727.7261537706913
719.2828402588877,728.5323239650725
720.0200244619024,729.2716019083401
720.8242046478855,730.0782328384553
721.6278453525747,730.8845080275064
722.3645773489632,731.6235386110519
723.1685275739616,732.4302436803641
724.173363154649,733.4387519465649
724.9097952878658,734.177938640646
725.7802919163137,735.0517142001356
726.717910712559,735.9934127655845
727.5214144771211,736.8002331051806
728.4584395528045,737.7412450990213
729.1950283893816,738.4808976516262
730.1324737690235,739.4227910486941
731.0692478346639,740.3642123916784
731.9390514482301,741.2385052858552
733.0101110157157,742.3152162793585
733.8130604143677,743.122514317988
734.5485269067477,743.862489380912
735.55194012622,744.8720076736703
736.421861198422,745.7472120444098
737.2910937214755,746.6218889204971
738.0934794806982,747.4292525941751
738.829051558107,748.170128515859
739.6316553690834,748.9783563766288
740.4335963003167,749.7860208463883
741.3689410567539,750.7287662019156
742.1714206040214,751.537275409477
742.8397810127434,752.2111907878466
743.5742345977462,752.9519909395786
744.4424954253113,753.827459691983
745.2443340516369,754.63647842088
746.0459163072345,755.4455659353064
746.9803834176034,756.3886562723068
747.8480570608849,757.2652543275299
748.6496309094327,758.0748569347721
749.7170426726383,759.1537933418965
750.4505225305836,759.895392936707
751.2513928860506,760.7049548784795
751.9851921636298,761.4478242771314
752.7185147972359,762.1899861157057
753.5850106464947,763.0668726662028
754.3182618035769,763.8098903187612
755.1852286970403,764.6880448234363
755.9843725370637,765.4981020143897
757.0497938108768,766.5783238573848
757.7830053353546,767.3216828049353
758.5818962528695,768.1328330816833
759.4470627210568,769.0106997326235
760.1792983627253,769.7540286971715
760.9782426087422,770.5658401814607
761.8436591929976,771.4445396042393
762.6412962033645,772.2554176935738
763.5059901260508,773.1344248066833
764.4377954051237,774.0817040450203
765.6338546416072,775.2989478889258
766.4982747607653,776.1782381631352
767.3624884062683,777.0587896246334
768.2265084402251,777.9382539745649
769.0232769337938,778.7498289462198
769.7538920482712,779.4946338343208
770.5516388651719,780.3073288441699
771.2818419145715,781.052046567022
772.0117731115123,781.7965893872023
772.9414055933717,782.7449263591423
773.6716335237966,783.4908387474837
774.401632088027,784.2357789941793
775.1976028673173,785.0479608662127
775.9270554306239,785.7936197586105
776.8564030883515,786.7426842122561
777.6516493593779,787.5557359596152
778.3805832422024,788.3011996416622
779.2433943112345,789.182750256703
780.0389305766803,789.9970674039049
781.0989638706662,791.0813398954032
781.8937134914142,791.8950459903018
782.6223908645729,792.641795547672
783.417500902516,793.4556276047307
784.211024919395,794.2694205716746
785.0045148576947,795.0832079208301
785.7991202754644,795.8977157440602
786.6587438320776,796.7804366428346
787.518194465416,797.6625200204575
788.50978411056,798.6813776739226
789.2370241011062,799.4288086904484
789.9638249169325,800.1752032098964
790.8212819252635,801.0577563107317
791.6800415961816,801.9413982211985
792.4066256571651,802.6895692193112
793.2637794577292,803.5729924864496
794.0551363138625,804.388052107126
794.911859374711,805.2729688590434
795.9007775386523,806.2938391968652
796.9530347539561,807.3826845784835
797.7431569050663,808.2002451313491
798.5992336344366,809.0862722242397
799.387588557807,809.9049658369962
800.1772847811649,810.7228512129146
801.0307666990517,811.6099614984698
801.9496252070317,812.5656678622216
802.7366486606953,813.3848503090762
803.4561957400657,814.1362922062015
804.4384417809853,815.1612060201094
805.2227286500972,815.9818494904798
806.2022423254998,817.0068112129752
807.0491588553892,817.8985981045278
807.830915152897,818.7202743409664
808.5467999217985,819.4747162984079
809.3901091120642,820.3663273690787
810.1041902342924,821.1198245794075
810.8161819647574,821.8764448738384
811.5915653132897,822.7003739817987
812.6223626088166,823.799439546299
813.3943147291304,824.6251473749087
814.1662465702492,825.4515601844074
814.8692676211039,826.2089874104802
815.6369231403738,827.0354883147467
816.3359151017316,827.7943378987659
817.1001386752343,828.6219612552916
817.8608811110248,829.4515974480028
818.6210880938318,830.2804918318994
819.6920033321727,831.4570313120638
820.4496374498917,832.2875464825283
821.1419253304038,833.0507031587172
821.95644113908,833.9510835631087
822.7043883666264,834.7830093012461
823.4541687082344,835.6156222317965
824.1427716842039,836.3803215172707
824.9534614281308,837.2824149080035
825.6400962597112,838.0447744585301
826.3238723276297,838.8095259990322
827.3224611171607,839.9206084627006
828.0056521618234,840.6838774573087
828.8163283934916,841.5857180507094
829.6287960700627,842.4888133841797
830.4383666294439,843.3918484044112
831.1260276228077,844.1544368216444
831.9386600441807,845.0573363250373
832.6902493208595,845.8907099246107
833.4435675257414,846.7230532047324
834.4450229845434,847.8327646587384
835.1371785975016,848.5952085239581
835.8923010928576,849.426961645452
836.6478538608095,850.2580092865126
837.4057897235401,851.0882408350539
838.1008076364739,851.8503233569063
838.7968978295586,852.6115276760385
839.5585024143639,853.4409991819937
840.3200795355895,854.2705393079981
841.0828831770743,855.0993404203373
842.1668257254111,856.2726797710924
843.0614131524567,857.2392071851515
844.0219990960028,858.2734573175372
844.8562557626993,859.1700425874611
845.6915701303686,860.0649822697397
846.4641931522034,860.8908052893274
847.2371895272581,861.7158368019111
848.0118656956213,862.5400525581539
848.7236064891107,863.2958739229467
849.6951030627961,864.3257517268801
850.4736281108184,865.1483536076297
851.1880648927311,865.9021321304391
851.9691196805456,866.7244245469005
852.7513566496971,867.5461378466229
853.534438980579,868.3668666524868
854.3185371693363,869.1873919400962
855.104407426172,870.0080455424956
855.825360593592,870.7593476491137
856.6120722729412,871.5775533189608
857.5970990585399,872.6001413868822
858.3868324611185,873.4182779434752
859.1769317724636,874.235502655061
859.9013881569136,874.9834727258443
860.6932032082236,875.7999892615127
861.4864790081416,876.6169888695523
862.2793990576628,877.4318996299149
863.0061940503409,878.1776378811817
863.8001385223604,878.991160672457
864.8620116002328,880.0759554861488
865.6578457693751,880.888863469731
866.3880175914361,881.6332631263167
867.1860258740896,882.445365566839
867.9178488930272,883.190138293055
868.7163626939987,884.0010485642824
869.5150061959055,884.8111353601726
870.2480411542356,885.5541456360216
870.9820490259667,886.2971167875859
871.7828614335928,887.1061849294063
872.9171082771392,888.2519610207708
873.6525799834071,888.993451280406
874.4548034874089,889.8022824347851
875.2565991524174,890.6098686153398
876.059106934893,891.4170079784845
876.9291868301024,892.2923173431726
877.6657986116044,893.0323001434979
878.4019019888738,893.7715860270519
879.2723795229406,894.6453591760659
880.3454134754074,895.7209980307899
881.0156405511724,896.392789951475
881.7526300726004,897.1310911455246
882.5574499690889,897.9364600207041
883.295700255698,898.675178722249
884.1009839591422,899.4804763962318
884.9731494932914,900.3520152847142
885.7790291899347,901.1566545761245
886.5854881033305,901.9615890343186
887.3915454209065,902.7658778749254
888.3985748825414,903.7708920331369
889.1378769117159,904.5080938955911
889.9445433796909,905.3125688520879
890.6836406911318,906.0493320692603
891.4227801940625,906.7857203781768
892.2968977810623,907.6566010219082
893.0368371583783,908.3935995906361
893.8436709776195,909.1968444119517
894.717470565916,910.0669118569444
895.7940320441063,911.138188982398
896.6685277139078,912.0085489142913
897.609937243193,912.9450693590683
898.41735565044,913.7481662373049
899.3596520928339,914.6855437337081
900.3017797309033,915.6216786516895
901.1758639281062,916.4916168052329
902.0509503713595,917.3617276772829
902.7914328128776,918.0978000509256
903.5985963738176,918.9003490545772
904.6080767724508,919.9036274947756
905.4161311537765,920.7068027585437
906.0891517292865,921.3758947367177
906.8965371577443,922.1781159745764
907.7040716867228,922.9807504036162
908.5794352405236,923.8507441616795
909.3871538557347,924.6534073975024
910.1944033380976,925.4557572076606
911.002193319299,926.2584877429787
912.0122737680521,927.262401413775
912.8196823269265,928.0649373903199
913.5595584143314,928.8005985108657
914.3672645552106,929.6035892580604
915.1078558493946,930.3398491370015
915.9155013873142,931.1422133326176
916.6554297236986,931.8778299817765
917.4632329064146,932.6808399841941
918.2039597426304,933.4171480726507
919.011283161493,934.2199508656591
920.0204414865769,935.2229467931407
920.7609598820144,935.9590622783797
921.5014758691614,936.6953407974825
922.3088556697712,937.4978455669003
923.1162533905884,938.3002606950745
923.8567588986467,939.0365476927573
924.6649662013842,939.8395582383647
925.4048648265078,940.5753964502094
926.2120150923295,941.3778963228539
927.2216612694883,942.381848916768
927.9619679535757,943.1181804666954
928.7690906845831,943.9207688547436
929.5091120693808,944.6565870431014
930.2495184126494,945.3931213019309
931.05728693457,946.1965087299877
931.7971063182536,946.9323388349919
932.6713368335811,947.8020732657718
933.4792401218705,948.6051278662762
934.2194296250963,949.3416325092542
935.2952581582565,950.4121192439242
936.035298144999,951.1482724543588
936.8430485069916,951.9519378751535
937.6504305349051,952.7552208520375
938.3901333418714,953.4909557587638
939.1299649275485,954.2270542566072
939.937744801728,955.0303671024043
940.7451629914025,955.833585608623
941.4848673849807,956.5693621670165
942.4942550013485,957.5729983284044
943.369796709754,958.4430501567383
944.1770732368219,959.245991888972
944.9841152611891,960.0485698888817
945.7241544434152,960.7848686741411
946.4645728104289,961.5213470659523
947.2719622426539,962.3242220810595
948.0789838522895,963.1268898597667
948.8193171218127,963.8630183243449
949.6273860605205,964.6663192954237
950.7038704485876,965.7366751029557
951.4441222184205,966.4720333270476
952.1847207894933,967.2079578459188
952.9927074149704,968.0110025441331
953.7332346158854,968.7462683717642
954.5409196007587,969.5483817278629
955.349219229901,970.3510250039056
956.1578573326111,971.1535783513041
956.9657562051907,971.9556168601708
958.043410017477,973.0245027050086
958.8523535771648,973.8266122414475
959.6608433086762,974.6287217466383
960.4695171423984,975.4296664066836
961.41329718917,976.3647068252747
962.2902349975033,977.2332831806799
963.0994385424555,978.0342306680968
963.9081877129031,978.8350274155531
964.7178552820819,979.6358937221385
965.52798945614,980.436718880347
966.6068715096013,981.5042970778806
967.4167651026613,982.3042869260522
968.2269459824172,983.1051501421073
969.0371570191865,983.9056656558305
969.8471580606168,984.705162424809
970.7247840289261,985.5715573025634
971.4680950475278,986.3048523767485
972.2786770488277,987.1044711792747
973.1560731760487,987.9708057294757
974.237581562188,989.0364219893698
975.0483982266107,989.8365772345155
975.7917411592589,990.568929368528
976.602602334342,991.3674926261829
977.4811978069607,992.2335738605649
978.2252070858789,992.9658988616
979.0363311816456,993.7644739289972
979.7797170353766,994.4965877646761
980.6594424544811,995.3615057995524
981.4713673439973,996.1602573119031
982.4857651331123,997.1578441325971
983.2977310447941,997.9555227754422
984.1097053092917,998.7540243359107
984.8541983141198,999.4852744742382
985.598531605901,1000.216266120542
986.4103746030216,1001.0142131702542
987.15578032401,1001.744944318847
987.9007798161857,1002.4760417274748
988.6452235688919,1003.206935944793
989.6612450083172,1004.2027190009528
990.5421940970161,1005.0656704926255
991.2871064371265,1005.7961571704719
992.0324509642682,1006.5259062234567
992.8454644861563,1007.322456266583
993.6589709747292,1008.1191910103729
994.4724157431963,1008.9156480732344
995.2852595796717,1009.7122229746957
996.3019201054486,1010.7075211870542
997.1152623402106,1011.5036533419615
998.1995218923454,1012.5652007026458
998.945714695857,1013.2942330172773
999.7596299836015,1014.0902184924349
1000.5735829689281,1014.8861526472174
1001.3877200829612,1015.681345099761
1002.2015898016562,1016.4768016880577
1003.0158204804515,1017.2718009280738
1003.8978072011283,1018.1328631017261
1004.7796804251838,1018.9942775854747
1005.7983923775569,1019.9869646874051
1006.6131691414352,1020.7818535874995
1007.4280568375436,1021.5761819982988
1008.3112699173466,1022.4359938682721
1009.1260641182366,1023.2301060432458
1009.9413564846567,1024.02317332953
1010.7566777429738,1024.8164221310456
1011.5720562210756,1025.6102444602589
1012.3882757522339,1026.4022172751563
1013.2036716412197,1027.1944131249052
1014.3597673891654,1028.316824369621
1015.2447985764707,1029.1741027206601
1016.0606420143085,1029.9659948476046
1016.9461322372612,1030.8221627801665
1017.763786559504,1031.6128395304015
1018.6491652914003,1032.4694278671784
1019.468088058679,1033.2578169477854
1020.217937464866,1033.9814617175794
1021.241720854736,1034.9671750163632
1022.0611590028969,1035.7539210500763
1022.9476987650867,1036.6066431136717
1023.7683155309163,1037.3923187813436
1024.5889520555063,1038.1777639008471
1025.4083458431862,1038.963272637182
1026.3690933041996,1039.8759006877722
1027.259552219811,1040.7247971307554
1028.0829506901723,1041.505447683972
1029.1105672988053,1042.4786612670066
1029.8643933100122,1043.1938972963446
1030.6903093257304,1043.9705994267524
1031.5137570915342,1044.7473061543112
1032.337985328021,1045.5230923473662
1033.0953399222274,1046.233048779509
1033.9205644719864,1047.0087650740252
1034.7466899243457,1047.7814838006736
1035.5726538917286,1048.5527922350323
1036.674211368793,1049.5829403272412
1037.4319655219838,1050.2887601930977
1038.2566640839805,1051.0587587606844
1039.1530225290005,1051.8927580995976
1039.9110983273504,1052.5984624974449
1040.7370609337268,1053.3691370471063
1041.6327025934747,1054.2025572304021
1042.52790844226,1055.0357394112157
1043.286010444397,1055.7419871361478
1044.3872324572483,1056.7656966179145
1045.2117154903542,1057.5346528121124
1046.1077393112394,1058.3681923654694
1046.9340003426214,1059.1383237654986
1047.7594179553196,1059.9084096108556
1048.5853167935693,1060.678159020136
1049.4115808199115,1061.4501426201382
1050.1688391667321,1062.1584600580509
1050.993510978423,1062.9289705869876
1052.0923090031993,1063.958852580731
1052.9174288082204,1064.731997461941
1053.8102952930299,1065.5702593146607
1054.77148380284,1066.475043358107
1055.7341611529514,1067.38104908316
1056.5586589101686,1068.1580352130766
1057.4498056972077,1068.9997521044402
1058.3411579327699,1069.84223619349
1059.36965755736,1070.8166448052496
1060.1918937860114,1071.5962983383672
1061.082191278682,1072.4421993669996
1061.9040953454246,1073.2241806146094
1062.7255892124228,1074.0066381936958
1063.477946351566,1074.7245216148237
1064.3666037510952,1075.5737271833937
1065.187120628489,1076.3590611505983
1066.007243020026,1077.1453192676784
1067.0993529869245,1078.1938728760572
1067.9863656646155,1079.047018476931
1068.8049441130825,1079.8358010765332
1069.62282587836,1080.6249055233015
1070.4405733799817,1081.4149678735296
1071.3263652326527,1082.2721542247637
1072.2113092149664,1083.129809837285
1073.4357839656439,1084.3185272509395
1074.2516600667097,1085.1119556526896
1075.0667472148962,1085.9056836118987
1075.9484801043282,1086.7657712587147
1076.7626686770548,1087.5607509909419
1077.5760942572776,1088.3559887833562
1078.5928486908215,1089.3514739967038
1079.4729762469774,1090.214356681085
1080.623788049263,1091.3443666506346
1081.435559726014,1092.142142031375
1082.3143637395503,1093.0071034211574
1083.193183217783,1093.8731483148877
1084.0716528377789,1094.7394174012277
1084.8815989096786,1095.5394394710895
1085.6914497104408,1096.339939965699
1086.5688015196813,1097.207622285573
1087.6475506610725,1098.2757271426435
1088.6583067938468,1099.2773257362996
1089.5341771729375,1100.1465731586122
1090.3424852654916,1100.9490172717587
1091.2846480875892,1101.8853296322334
1092.1593828120012,1102.7554923221167
1092.9669610512753,1103.5589070248338
1093.9081458796873,1104.4963211718168
1095.2522485783604,1105.835754669364
1096.0587901318531,1106.6401856426394
1096.9320135069072,1107.511605618221
1097.8720024629245,1108.450101129439
1098.7449048582473,1109.3222303265072
1099.617825789919,1110.1943081275656
1100.5569703631506,1111.1334530639308
1101.5633212032028,1112.140036041309
1102.7039785999416,1113.2813764213931
1103.508617208186,1114.0868785487596
1104.3131819966698,1114.8925036720477
1105.11778930341,1115.6986375746524
1105.9894232753284,1116.571850782682
1106.7934813665063,1117.3777488909157
1107.597618947562,1118.1837574388235
1108.6701685899118,1119.2588732650818
1109.541156099255,1120.1323358478319
1110.4789819269256,1121.0728997466106
1111.4170416325733,1122.0138894658912
1112.2880677132528,1122.8876199592717
1113.2256995613159,1123.8282845816695
1114.2302671353477,1124.8366384791382
1115.1012153838972,1125.7105946669528
1116.239505300619,1126.8532604572174
1117.0430502438182,1127.6599026427032
1117.9137472066684,1128.5340903647386
1118.7173274760237,1129.3408844209278
1119.5876383998252,1130.2147001272735
1120.524949433849,1131.1561436560964
1121.3955485141116,1132.0303843962765
1122.1989176985064,1132.8371562171408
1123.336933940429,1133.9801358464606
1124.2075020896702,1134.8544162451844
1125.2118680769477,1135.8629085300465
1126.0820537149193,1136.7368962848893
1126.9524393015984,1137.6111878724305
1127.822923091352,1138.485450272409
1128.8939464889602,1139.5611634284307
1129.8311583955392,1140.5026264870596
1131.0364651172251,1141.7131147802936
1131.9066385346773,1142.5871633943648
1132.8438985576536,1143.5285030504476
1133.6474277031452,1144.3355726521224
1134.5178202933957,1145.2096780591635
1135.5888637329429,1146.2853864141011
1136.5934011763077,1147.2940000581307
1137.6647331419986,1148.369805863544
1139.0038361050188,1149.714275412437
1139.9414245417577,1150.6556821098923
1140.7450083916228,1151.4624183318504
1141.5485075716879,1152.2689838740341
1142.6869954092747,1153.411910577355
1143.7586759646572,1154.4874759416186
1144.8299914492663,1155.5629613035983
1146.1025680490789,1156.840299799316
1147.107206282819,1157.8485782711282
1148.111717984034,1158.8567273689023
1149.1165229672365,1159.8650364448508
1150.0543566956464,1160.8060035305025
1150.9250977091501,1161.6795701982062
1151.729013398346,1162.4859932097083
1152.5330713858302,1163.2924818016102
1153.605022903705,1164.3675748736548
1154.4089808000858,1165.173799608933
1155.2130935844132,1165.9801624193817
1156.0172294457302,1166.7865071525173
1156.8212850715204,1167.5926780375619
1157.5583111908725,1168.3316741269919
1158.4294883220366,1169.2051823605948
1159.4347196108324,1170.2129784513083
1160.5067592678126,1171.2878634101746
1161.3779685895372,1172.1612752914345
1162.2491780564694,1173.0347508117175
1162.9862055590781,1173.77379690467
1163.7902443376124,1174.5799727061503
1164.594244303861,1175.3864134568646
1165.398305396512,1176.1928095433786
1166.2022090089158,1176.9991600204505
1167.2068537337618,1178.007330239905
1168.0107639524235,1178.813895672897
1168.9483080201724,1179.7550971775454
1169.8186727556676,1180.6291024751797
1170.6891484216746,1181.5031760548416
1171.4924862125463,1182.3102642791976
1172.2956556538275,1183.1173587018097
1173.1654492274772,1183.9919191699628
1174.1690336019615,1185.0013058804507
1174.9718768621929,1185.808805986172
1175.7741731769447,1186.6166529150205
1176.576548172579,1187.4244701469129
1177.3788727028445,1188.2325143270114
1178.1808162002542,1189.0408275092905
1178.982773735604,1189.8489684932001
1180.051574893425,1190.9270777359523
1180.8531583152023,1191.7357944476494
1181.654632842526,1192.544442163927
1182.455466840497,1193.353568116399
1183.1896914914344,1194.0953254263527
1183.990488809897,1194.9047357989498
1184.7907165714016,1195.7144565026965
1185.591098906188,1196.523947747668
1186.5909262106925,1197.536665574414
1187.4574178959074,1198.4143135194429
1188.2567345506536,1199.2246683885235
1189.0557096895461,1200.035327557048
1189.855199778283,1200.845822652036
1190.6538589908207,1201.6569955618045
1191.3859205922533,1202.400609551909
1192.1849237191013,1203.211867329266
1193.3154912094194,1204.3619839349403
1194.11375824284,1205.173315880981
1194.9114187262976,1205.9851137103185
1195.6423064699409,1206.7296821999587
1196.4400195819926,1207.5416627043403
1197.2368218652923,1208.354430925
1198.1003366818315,1209.2350148148087
1198.8304699307812,1209.9795602111326
1199.8922548796388,1211.063222302057
1200.7553089991723,1211.9436372077682
1201.6176393619357,1212.8245619789511
1202.4800616591149,1213.705678209564
1203.4087409127192,1214.654664720868
1204.204015429015,1215.4689539023937
1205.0650774427202,1216.3497603617957
1205.8594133153904,1217.1637275086357
1206.853174475219,1218.1812963374962
1207.6480704448381,1218.9954305128415
1208.4420904768835,1219.8099705371837
1209.2365708013372,1220.6241067244423
1210.0968442530138,1221.507175145843
1210.8245724641067,1222.2541968454952
1211.6190301857523,1223.069014404847
1212.7427253977303,1224.2235664649252
1213.5366906925378,1225.0384484491713
1214.3293688593249,1225.8535136903997
1215.1870105281857,1226.7350430191016
1215.914188409141,1227.482437041082
1216.7063401837643,1228.2980546100448
1217.4985607791036,1229.112966231032
1218.2910271336723,1229.9280388969203
1219.2809820961113,1230.9474305968383
1220.008157754648,1231.6953726225754
1220.7993724667967,1232.5107558822608
1221.5904126503544,1233.3257114758137
1222.3822198211328,1234.1412531168726
1223.239368325475,1235.0255329318088
1224.0965968197445,1235.9088745652803
1224.8878250492428,1236.725083891028
1226.0091407861826,1237.8820042497025
1226.7996495415464,1238.6983799361572
1227.6562342623313,1239.582965646263
1228.5138990874734,1240.4676487337915
1229.3040192371386,1241.2844042617642
1230.159682939536,1242.168477393116
1231.0162232907735,1243.052839396327
1231.8067045193905,1243.8709808865347
1232.8604835319607,1244.959701642389
1233.6490208848338,1245.7766124725495
1234.5043132492278,1246.6615443228297
1235.2945329051938,1247.4795585091922
1236.1487337650326,1248.3648569286966
1237.0698256246185,1249.31771070408
1237.8591323096025,1250.1361127964883
1238.9768309354833,1251.2940591213905
1239.7640346929375,1252.112195288464
1240.5521500030982,1252.9301062190837
1241.3414646971914,1253.7489104074548
1242.1944590181254,1254.6354302486964
1242.9164790656896,1255.3846793152902
1243.7702404867541,1256.2718975144592
1244.5580001115661,1257.0914215617693
1245.607458897209,1258.181487477207
1246.5250943372066,1259.1366645453409
1247.444737487174,1260.092227591081
1248.362367075889,1261.0475637456088
1249.2791238955308,1262.0026825516493
1250.261678880811,1263.028337956165
1251.3091663736318,1264.1208185590137
1252.3555215443673,1265.2134457292295
1253.5341968961648,1266.4443589325324
1254.4492137985628,1267.4012779132504
1255.2983486460191,1268.2891040731056
1256.213892016224,1269.2470051439388
1257.0627774016639,1270.1366289766124
1257.9111550859818,1271.0247626488308
1258.7594585461359,1271.9146156008621
1259.870235701014,1273.078322297053
1260.7170166120086,1273.9678676825847
1261.5639190564448,1274.8567860956498
1262.4117857733138,1275.7474645257844
1263.2585517086125,1276.6379982592302
1264.039779987596,1277.4589832474944
1264.8859147545475,1278.3502044603429
1265.6677071313368,1279.1727898687773
1266.7734639926437,1280.3376238455567
1267.6832375879028,1281.296325818078
1268.5284224778281,1282.188158564505
1269.3727177493688,1283.079643473068
1270.2172926524859,1283.970147460266
1271.0608599241932,1284.8623724623403
1271.8405884460242,1285.6854679555634
1272.8787778366145,1286.7831301229028
1273.721709449503,1287.6745616585379
1274.5004950925227,1288.497750906134
1275.342527912211,1289.3902038266763
1276.121052348867,1290.2131031750473
1276.8979490807485,1291.03762510563
1277.7400498867116,1291.9299666485492
1278.5179118468384,1292.7534005946013
1279.6187951343973,1293.9212744782187
1280.4600701105364,1294.8141210527651
1281.3002595079631,1295.707088348911
1282.2072741155225,1296.668278404874
1283.0482728522363,1297.5625740423611
1283.824098848272,1298.3865972708907
1284.5996555309487,1299.2117568480862
1285.6341815758678,1300.3117038218413
1286.4104011718587,1301.1350983552898
1287.2487397075686,1302.028714319484
1288.0896503457627,1302.922131092732
1288.9311739963107,1303.8165518403391
1289.7058748681611,1304.640687722675
1290.6101696793799,1305.6025087359083
1291.513769604064,1306.5656679784786
1292.6118795868435,1307.7336054862908
1293.450480693406,1308.6272369218589
1294.3553338032286,1309.5899475142357
1295.194607403222,1310.4849626856499
1295.9699712140575,1311.3103290931394
1296.7447434053893,1312.1365931310986
1297.5835985530862,1313.0312230039613
1298.423218070459,1313.923828553869
1299.5155985024066,1315.0925205622343
1300.4192988630991,1316.0555339216046
1301.3838510206247,1317.0875669143456
1302.283223453077,1318.0478893428137
1303.1839526220026,1319.0116871907599
1304.1485717220414,1320.042672336026
1305.047224150019,1321.0044213269773
1306.140780848025,1322.1743453874446
1307.0411131594215,1323.138310295774
1307.875213508642,1324.031321891822
1308.6465215956523,1324.8560809020555
1309.4817461934704,1325.7516862455052
1310.31816249779,1326.6457463108893
1311.2804285481825,1327.6769301836464
1312.1164492613484,1328.5712960597077
1313.146103519064,1329.6727278515184
1313.9813763619509,1330.5661078674987
1314.8828211491145,1331.5285069284582
1315.7194032446937,1332.4235601412292
1316.55732635959,1333.316835452395
1317.3944685416882,1334.2108571120368
1318.2327653552609,1335.1047461994713
1319.394585448513,1336.342236405928
1320.3628843114936,1337.3721000023672
1321.3328700426741,1338.4028213214988
1322.1087567077668,1339.2271729722154
1322.9505838070766,1340.1189276801645
1323.8564992235413,1341.0801172825627
1324.6344678693667,1341.9034112529846
1325.4131539615223,1342.7265448004218
1326.5165592530495,1343.8920339732542
1327.4272688753288,1344.8513664808522
1328.2077439882214,1345.6735378389114
1328.9892698803303,1346.495118169859
1329.8363452206831,1347.385134073871
1330.7490254739798,1348.3427942693804
1331.5984813181055,1349.2315573456372
1332.4476254731894,1350.1208219107598
1333.755674088647,1351.4869475945793
1334.672226070237,1352.443093017455
1335.5247400124815,1353.3309451697542
1336.311657226887,1354.1496119602805
1337.1645142090983,1355.0356705929462
1338.084873287631,1355.9902099978053
1338.9397680495042,1356.8764307932122
1339.9925361873247,1357.9654462283897
1340.7832776160992,1358.7822205466446
1341.640898254602,1359.667506035413
1342.6963348462652,1360.7552594087704
1343.5543767536017,1361.6384444337032
1344.3478043267114,1362.453992932421
1345.1413460310243,1363.2693898840564
1345.9346114661078,1364.083602462846
1347.0591257324159,1365.2359739831186
1347.9861846504539,1366.1855815586966
1348.9137206463186,1367.134541817432
1349.7755103091267,1368.0152405854058
1350.6382774690246,1368.89624620375
1351.5011488171617,1369.7767815710793
1352.3639717812039,1370.6565848327195
1353.4938314180222,1371.8072678435133
1354.3576325114514,1372.6872120874077
1355.2214743660813,1373.5661583665246
1356.086055862535,1374.4448559827108
1356.9515898827683,1375.323820392425
1357.8171056564074,1376.2024401345145
1358.6828777578187,1377.0798439793427
1359.5495432692305,1377.957519220737
1360.616927056462,1379.037830572162
1361.4840674531858,1379.9142299693208
1362.3516473371362,1380.7904374497093
1363.0868104998415,1381.5317764742458
1363.8888264630457,1382.340388961313
1364.757355073952,1383.2154746639824
1365.560110060332,1384.0228171171968
1366.5642514563135,1385.0327281733883
1367.4344596192423,1385.906982835153
1368.237677463906,1386.713405814509
1369.1085315463058,1387.5872942787012
1369.9128895061967,1388.3939377473002
1370.6497742196266,1389.132890172639
1371.5207070488575,1390.0058760114
1372.5936762572724,1391.0808448319851
1373.3982512875175,1391.8870088364363
1374.3365840722481,1392.826667687382
1375.1412299927788,1393.6323425429619
1376.2146227669452,1394.7069501244932
1377.2202976598353,1395.7136805133011
1378.0249014079827,1396.519129649839
1378.8971561041108,1397.3921706252581
1380.0373469039948,1398.533423096998
1380.9092494460895,1399.405516558574
1381.7145514005954,1400.2109217975446
1382.45292137866,1400.9493351985218
1383.3252836262868,1401.8211858179116
1384.2647652756707,1402.7600066750224
1385.0707300009888,1403.5649271902198
1386.0781453863099,1404.5707919694396
1386.9508462164715,1405.4420220359602
1387.8243632789338,1406.3131463695904
1388.7653359876003,1407.2516255518697
1389.571593846274,1408.0554217346628
1390.5123975797499,1408.9929001351443
1391.3864728053034,1409.8639493295184
1392.193304396643,1410.6678566534056
1393.201205145833,1411.6722289384827
1394.007893808008,1412.4758929069599
1394.882131456041,1413.3469050074473
1395.688669492287,1414.150637997107
1396.562118498322,1415.0211493980794
1397.3687847798478,1415.8251204934916
1398.2427038272408,1416.6964655895974
1399.3173685214385,1417.7683811998793
1400.1906781754742,1418.6394514311917
1401.0641791528253,1419.5111863368961
1401.8700771630506,1420.3157137039022
1402.6756430934945,1421.1199082040464
1403.548647032022,1421.991571545572
1404.421912564678,1422.8636157315602
1405.2946693020665,1423.7351398195
1406.368851350676,1424.807637583471
1407.2421761930473,1425.6794846453656
1408.0481433487992,1426.484088929501
1408.8537093540442,1427.2882962056908
1409.727009986819,1428.1595196972842
1410.600625881296,1429.0312232757644
1411.3394810780644,1429.7685054231888
1412.481522337552,1430.9071451329378
1413.3552687225083,1431.7784390504414
1414.2290810571328,1432.6495866315836
1415.1024352950626,1433.520193796582
1415.9760706363804,1434.391034931316
1416.8500496047598,1435.2623852604522
1417.6563176820132,1436.0664680518637
1418.5294829718757,1436.937255519285
1419.6718433066087,1438.0767023887552
1420.6122952504948,1439.015356900634
1421.4178915675348,1439.819540454848
1422.2237415315346,1440.6239635761663
1423.096720634237,1441.4962923462265
1423.969160666736,1442.3683893085388
1424.841173829704,1443.240310789055
1426.048699238706,1444.4488590035264
1426.8535344844818,1445.254665775077
1427.6575557546464,1446.060417773154
1428.5959919738796,1447.0006336268414
1429.4675426103788,1447.874350158084
1430.3384836143637,1448.7477927762943
1431.2093281534376,1449.6209176104262
1432.0804730717427,1450.494619495116
1433.15261432565,1451.570041508621
1433.956360372596,1452.3760443517174
1434.8944728698261,1453.3165943198567
1435.7660249455485,1454.1902993437295
1436.7044360885277,1455.1304039542747
1437.57580274014,1456.003092455047
1438.447910277342,1456.8759614390342
1439.5883205138514,1458.0172248339304
1440.5271424005343,1458.9565548254263
1441.4665169088182,1459.8962415570807
1442.3387940809112,1460.769064110802
1443.2107206721141,1461.6412822731538
1444.0828285736884,1462.5135118822377
1444.9553131035755,1463.3861490992938
1445.8275936937473,1464.2586006959928
1446.900836921331,1465.3319932804893
1447.9075340539455,1466.3386240636587
1448.7799418907832,1467.2110796310856
1449.651983814457,1468.0831223667626
1450.5243142391369,1468.95524885675
1451.3297916090858,1469.7606066722676
1452.2020821842275,1470.6328843979063
1453.2754772528492,1471.7061156040568
1454.1479726102586,1472.5785385304803
1455.0874505358624,1473.5182006871112
1455.8923619213729,1474.3232636861196
1456.7645181033913,1475.1955730268712
1457.6369406045164,1476.0682182590906
1458.5089489654376,1476.9407895343072
1459.3808278391405,1477.8130589989241
1460.5213619474994,1478.9542115915028
1461.3262246446893,1479.75995936634
1462.1308031076223,1480.5653743014666
1463.0024673239539,1481.4381202988538
1463.8743865455908,1482.3111865839153
1464.6790267795375,1483.1169670515346
1465.4832376125116,1483.9227092456579
1466.5560204000117,1484.9971828142304
1467.3604295690855,1485.80349106356
1468.2315715455823,1486.6766194676704
1469.0357415488465,1487.48252881302
1469.8398791656957,1488.2890021503888
1470.6439877631715,1489.0955265738453
1471.5146569993792,1489.9690209696503
1472.3852846948398,1490.8427382671814
1473.457178475523,1491.918448084723
1474.2604969717765,1492.7253314547258
1475.0637979977844,1493.5319497724881
1475.9341360160795,1494.4062606887426
1476.8712502267954,1495.348230158823
1477.8079801474867,1496.289751359692
1478.7443915134256,1497.2318217145323
1479.8820052921192,1498.376007276512
1480.7508799661484,1499.2512073173466
1481.553131296307,1500.0588313573483
1482.4892433086961,1501.0017373813407
1483.2912272214887,1501.8102070257803
1484.2266090524315,1502.7527428285175
1485.1616035292916,1503.6962359421252
1485.9634078025074,1504.5052483376448
1487.0312030838008,1505.5837826545023
1487.8318724136764,1506.3926526938878
1488.6332055252756,1507.2019078375606
1489.4336477006736,1508.0119855405933
1490.2336927923952,1508.8212001542183
1491.033809829874,1509.6306951350327
1491.8340257452091,1510.441416194179
1492.967164143663,1511.589027054048
1493.7669843023725,1512.3983178020524
1494.5675730754506,1513.2078464200529
1495.435330118525,1514.0851849262765
1496.3026376704295,1514.9616119777022
1497.1033019543067,1515.7703857335864
1497.9716808013534,1516.647123759527
1498.8401190528712,1517.5239872265092
1499.9081379243391,1518.6018000539518
1500.7765047528371,1519.477748439253
1501.578517112272,1520.2867535462972
1502.3801017550059,1521.0951241631685
1503.2482263509373,1521.9705183530882
1504.0502602741806,1522.7791607352947
1504.9193484722723,1523.6555562371047
1505.9879223709497,1524.7330308052976
1506.7894587002338,1525.5413240172386
1507.5915958753571,1526.3501391878492
1508.3933499101192,1527.1588101185012
1509.1944242095688,1527.967007771626
1509.9956102941694,1528.775885011892
1510.7973397005821,1529.585422437233
1511.6645090603788,1530.4627067816923
1512.7964680939115,1531.6102651834972
1513.5942838982028,1532.422560187232
1514.45233032664,1533.307087178303
1515.254130660702,1534.19972792062
1516.0475654227164,1535.0085830342096
1516.9170776010621,1535.884769833589
1517.720691768807,1536.6919411850831
1518.7917235987074,1537.766861876123
1519.595799870053,1538.5733832347953
1520.4672632202671,1539.4473538557168
1521.2710565694954,1540.2533866385108
1522.1419067554054,1541.1264580788707
1523.0135068603133,1542.0001649217834
1523.8179991430368,1542.8066133988796
1524.6889266516182,1543.6793858195322
1525.828254786651,1544.8213017592707
1526.8340433502626,1545.8293858258608
